,DATE,MSACSR,MSPUS,S&P Comp.,Dividend,Earnings,CPI,Long Interest Rate GS10,Real Price,Real Dividend,Real Total Return Price,Real Earnings,Real TR Scaled Earnings,CAPE,Total Return CAPE,Excess CAPE Yield,Monthly Total Bond Returns,Real Total Bond Returns
0,1963-01-01,4.7,17800.0,65.06,2.14,3.68,30.4,3.83,621.38,20.41,73576.49,35.18,4165.49,19.26,22.79,2.71,1.0,11.97
1,1963-02-01,6.6,18012.73265497739,65.92,2.14,3.7,30.4,3.92,629.59,20.47,74751.05,35.31,4191.9,19.47,23.03,2.6,1.0,11.92
2,1963-03-01,6.4,18054.359981172463,65.67,2.15,3.71,30.5,3.93,625.15,20.47,74425.91,35.32,4204.66,19.29,22.81,2.63,1.0,11.91
3,1963-04-01,5.3,18000.0,68.76,2.17,3.75,30.5,3.97,654.56,20.63,78132.53,35.73,4264.94,20.15,23.82,2.37,1.01,11.91
4,1963-05-01,5.1,17912.319135602454,70.14,2.18,3.8,30.5,3.93,667.7,20.78,79907.38,36.14,4325.38,20.51,24.23,2.29,1.0,11.98
5,1963-06-01,6.0,17855.465474703702,70.11,2.2,3.84,30.6,3.99,665.23,20.87,79820.36,36.44,4371.85,20.38,24.08,2.25,1.0,11.93
6,1963-07-01,4.6,17900.0,69.07,2.2,3.88,30.7,4.02,653.23,20.84,78588.54,36.7,4414.7,19.97,23.58,2.36,1.0,11.9
7,1963-08-01,5.6,18086.8937287945,70.98,2.21,3.92,30.7,4.0,671.29,20.87,80970.99,37.07,4471.77,20.47,24.16,2.21,1.0,11.96
8,1963-09-01,5.4,18328.15852608828,72.85,2.21,3.96,30.7,4.08,688.98,20.9,83314.29,37.45,4528.82,20.96,24.73,2.02,1.0,11.92
9,1963-10-01,5.9,18500.0,73.03,2.23,3.98,30.8,4.11,688.44,21.05,83461.13,37.52,4548.48,20.89,24.63,2.0,1.0,11.89
10,1963-11-01,5.5,18535.03322292445,72.62,2.26,4.0,30.8,4.12,684.57,21.27,83207.49,37.71,4583.17,20.72,24.42,2.07,1.0,11.92
11,1963-12-01,6.1,18499.774165353814,74.17,2.28,4.02,30.9,4.13,696.92,21.42,84925.43,37.77,4602.94,21.04,24.79,2.02,1.0,11.92
12,1964-01-01,5.8,18500.0,76.45,2.3,4.07,30.9,4.17,718.35,21.58,87755.2,38.27,4675.68,21.63,25.47,1.85,1.01,11.92
13,1964-02-01,5.5,18613.42332998678,77.39,2.31,4.13,30.9,4.15,727.18,21.74,89055.49,38.78,4748.71,21.83,25.7,1.83,1.0,11.98
14,1964-03-01,5.8,18769.322520428123,78.8,2.33,4.18,30.9,4.22,740.43,21.89,90901.46,39.28,4821.93,22.17,26.08,1.69,1.0,11.95
15,1964-04-01,6.0,18900.0,79.94,2.35,4.23,30.9,4.23,751.14,22.05,92442.12,39.75,4891.55,22.42,26.37,1.66,1.01,11.98
16,1964-05-01,6.2,18929.711377484076,80.72,2.36,4.28,30.9,4.2,758.47,22.21,93571.85,40.22,4961.44,22.57,26.54,1.63,1.01,12.06
17,1964-06-01,5.7,18905.758512103715,80.24,2.38,4.33,31.0,4.17,751.53,22.29,92944.55,40.55,5015.58,22.3,26.2,1.74,1.0,12.09
18,1964-07-01,5.5,18900.0,83.22,2.4,4.38,31.1,4.19,776.93,22.41,96317.35,40.86,5065.48,22.98,26.99,1.62,1.0,12.07
19,1964-08-01,5.4,18973.5298331006,82.0,2.42,4.42,31.0,4.19,768.01,22.67,95445.64,41.43,5148.63,22.65,26.58,1.65,1.0,12.15
20,1964-09-01,5.4,19142.521325320584,83.41,2.44,4.47,31.1,4.2,778.7,22.78,97010.58,41.73,5198.86,22.89,26.85,1.67,1.0,12.15
21,1964-10-01,5.3,19400.0,84.85,2.46,4.5,31.1,4.19,792.15,22.97,98923.81,41.98,5242.52,23.21,27.21,1.62,1.01,12.2
22,1964-11-01,5.6,19743.562833727603,85.44,2.48,4.52,31.2,4.15,795.1,23.08,99532.58,42.09,5269.41,23.23,27.21,1.69,1.0,12.24
23,1964-12-01,5.5,20046.897366974837,83.96,2.5,4.55,31.2,4.18,781.33,23.26,98051.16,42.34,5313.63,22.75,26.65,1.78,1.0,12.25
24,1965-01-01,5.6,20200.0,86.12,2.52,4.59,31.2,4.19,801.43,23.42,100818.6,42.75,5377.3,23.27,27.24,1.68,1.0,12.29
25,1965-02-01,5.5,20111.043801844997,86.75,2.53,4.64,31.2,4.21,807.29,23.57,101803.26,43.15,5441.25,23.37,27.34,1.64,1.0,12.31
26,1965-03-01,5.4,19932.873243095764,86.83,2.55,4.68,31.3,4.21,805.45,23.65,101820.17,43.41,5487.95,23.25,27.19,1.69,1.0,12.31
27,1965-04-01,5.6,19800.0,87.97,2.57,4.73,31.4,4.2,813.43,23.76,103078.8,43.77,5546.28,23.42,27.37,1.7,1.0,12.33
28,1965-05-01,5.3,19858.70489387527,89.28,2.59,4.79,31.4,4.21,825.54,23.95,104866.69,44.26,5622.34,23.71,27.68,1.64,1.0,12.36
29,1965-06-01,4.7,20037.00111791559,85.04,2.61,4.84,31.6,4.21,781.36,23.98,99508.12,44.47,5663.44,22.39,26.12,1.96,1.0,12.33
30,1965-07-01,5.2,20200.0,84.91,2.63,4.89,31.6,4.2,780.16,24.13,99612.14,44.9,5732.8,22.3,26.01,1.95,1.0,12.38
31,1965-08-01,4.6,20265.059447108324,86.49,2.64,4.93,31.6,4.25,794.68,24.29,101724.13,45.33,5802.27,22.67,26.42,1.82,1.0,12.37
32,1965-09-01,4.9,20271.944793411432,89.38,2.66,4.98,31.6,4.29,821.24,24.44,105383.88,45.76,5871.69,23.37,27.22,1.61,1.0,12.38
33,1965-10-01,5.0,20300.0,91.39,2.68,5.05,31.7,4.35,837.05,24.55,107676.35,46.25,5949.95,23.78,27.67,1.51,1.0,12.32
34,1965-11-01,4.6,20419.00655967197,92.15,2.7,5.12,31.7,4.45,844.02,24.73,108836.89,46.89,6047.15,23.93,27.82,1.39,0.99,12.27
35,1965-12-01,4.4,20643.31915290982,91.73,2.72,5.19,31.8,4.62,837.53,24.83,108267.01,47.39,6125.65,23.69,27.53,1.33,1.0,12.11
36,1966-01-01,4.7,21000.0,93.32,2.74,5.24,31.8,4.61,852.04,25.02,110413.15,47.84,6199.8,24.06,27.92,1.27,0.99,12.17
37,1966-02-01,4.9,21464.61037526188,92.69,2.76,5.29,32.0,4.83,841.0,25.04,109252.76,48.0,6235.27,23.7,27.48,1.18,1.0,11.93
38,1966-03-01,5.0,21857.314226089165,88.88,2.78,5.34,32.1,4.87,803.92,25.15,104707.8,48.3,6290.95,22.61,26.2,1.37,1.01,11.9
39,1966-04-01,5.1,22100.0,91.6,2.8,5.38,32.3,4.75,823.39,25.14,107516.85,48.36,6314.85,23.11,26.76,1.42,1.0,11.99
40,1966-05-01,5.3,22035.448965068274,86.78,2.81,5.42,32.3,4.78,780.07,25.29,102134.49,48.72,6378.99,21.85,25.28,1.6,1.0,12.01
41,1966-06-01,6.0,21774.363248191523,86.06,2.83,5.46,32.4,4.81,771.21,25.36,101251.18,48.93,6423.79,21.56,24.93,1.59,0.99,11.99
42,1966-07-01,5.9,21500.0,85.84,2.85,5.48,32.5,5.02,766.87,25.46,100960.17,48.93,6441.35,21.38,24.71,1.38,0.99,11.8
43,1966-08-01,6.8,21335.97048674106,80.65,2.87,5.49,32.7,5.22,716.1,25.48,94555.4,48.78,6440.47,19.91,23.01,1.62,1.01,11.6
44,1966-09-01,7.2,21309.174776821874,77.81,2.89,5.51,32.7,5.18,690.88,25.66,91508.09,48.92,6480.01,19.16,22.14,1.82,1.02,11.68
45,1966-10-01,6.3,21400.0,77.13,2.88,5.52,32.9,5.01,680.68,25.45,90437.82,48.74,6476.31,18.83,21.75,2.11,0.99,11.82
46,1966-11-01,6.2,21601.705021882615,80.99,2.88,5.54,32.9,5.16,714.74,25.39,95244.9,48.86,6511.17,19.71,22.77,1.72,1.03,11.73
47,1966-12-01,6.3,21896.375247709373,81.33,2.87,5.55,32.9,4.84,717.74,25.33,95926.0,48.98,6546.04,19.74,22.79,2.0,1.02,12.08
48,1967-01-01,5.7,22300.0,84.45,2.88,5.52,32.9,4.58,745.28,25.42,99889.01,48.69,6525.22,20.43,23.59,2.09,1.0,12.37
49,1967-02-01,5.7,22772.004344694044,87.36,2.89,5.48,32.9,4.63,770.96,25.5,103615.87,48.39,6503.66,21.07,24.32,1.85,1.01,12.37
50,1967-03-01,5.4,23133.993033220555,89.42,2.9,5.45,33.0,4.54,786.75,25.52,106023.57,47.95,6461.96,21.44,24.74,1.85,1.0,12.47
51,1967-04-01,4.9,23300.0,90.96,2.9,5.41,33.1,4.59,797.88,25.44,107809.36,47.46,6412.14,21.69,25.01,1.75,0.98,12.43
52,1967-05-01,4.5,23127.8127432617,92.59,2.9,5.37,33.2,4.85,809.73,25.36,109696.33,46.96,6362.13,21.95,25.3,1.42,0.99,12.19
53,1967-06-01,4.6,22776.64451364569,91.43,2.9,5.33,33.3,5.02,797.18,25.29,108282.18,46.47,6312.41,21.55,24.84,1.33,0.99,12.04
54,1967-07-01,4.4,22500.0,93.01,2.91,5.32,33.4,5.16,808.53,25.27,110109.61,46.25,6298.07,21.8,25.12,1.1,1.0,11.92
55,1967-08-01,4.4,22462.824393897165,94.49,2.91,5.31,33.5,5.28,818.95,25.25,111814.34,46.02,6283.57,22.03,25.37,0.96,1.0,11.83
56,1967-09-01,4.3,22633.127091211172,95.81,2.92,5.3,33.6,5.3,827.92,25.23,113326.02,45.8,6268.95,22.22,25.58,0.93,0.99,11.83
57,1967-10-01,4.1,22900.0,95.66,2.92,5.31,33.7,5.48,824.17,25.16,113099.81,45.75,6278.07,22.07,25.4,0.81,0.98,11.68
58,1967-11-01,4.6,23202.514840804666,92.66,2.92,5.32,33.8,5.75,795.96,25.08,109515.6,45.7,6287.75,21.26,24.46,0.71,1.01,11.46
59,1967-12-01,4.7,23522.117025541433,95.3,2.92,5.33,33.9,5.7,816.22,25.01,112590.33,45.65,6297.02,21.75,25.02,0.68,1.02,11.53
60,1968-01-01,4.7,23900.0,95.04,2.93,5.37,34.1,5.53,809.22,24.95,111911.38,45.69,6319.35,21.51,24.74,0.89,1.0,11.66
61,1968-02-01,4.1,24323.797295214594,90.75,2.94,5.4,34.2,5.56,770.43,24.96,106835.02,45.87,6361.05,20.42,23.49,1.14,0.99,11.66
62,1968-03-01,4.8,24678.023302839272,89.09,2.95,5.44,34.3,5.74,754.14,24.97,104863.58,46.05,6403.16,19.93,22.92,1.04,1.01,11.52
63,1968-04-01,4.9,24900.0,95.67,2.96,5.48,34.4,5.64,807.48,25.01,112571.05,46.28,6452.01,21.28,24.47,0.82,0.99,11.63
64,1968-05-01,5.5,24897.968695329808,97.87,2.98,5.53,34.5,5.87,823.65,25.05,115116.94,46.51,6500.6,21.63,24.87,0.54,1.02,11.45
65,1968-06-01,5.5,24804.22486666204,100.5,2.99,5.57,34.7,5.72,840.91,25.02,117820.46,46.61,6529.95,22.0,25.3,0.67,1.02,11.57
66,1968-07-01,5.1,24800.0,100.3,3.0,5.6,34.9,5.5,834.43,24.99,117203.88,46.59,6543.79,21.75,25.01,0.97,1.01,11.75
67,1968-08-01,5.0,25010.067777361062,98.11,3.02,5.63,35.0,5.42,813.88,25.03,114610.15,46.7,6576.85,21.14,24.3,1.24,1.0,11.84
68,1968-09-01,5.1,25332.896775380945,101.3,3.03,5.66,35.1,5.46,837.95,25.06,118293.63,46.82,6609.5,21.68,24.92,1.12,1.0,11.82
69,1968-10-01,5.2,25600.0,103.8,3.04,5.69,35.3,5.58,853.76,25.03,120820.74,46.83,6626.9,22.0,25.29,0.99,1.0,11.7
70,1968-11-01,5.6,25713.82357307694,105.4,3.06,5.73,35.4,5.7,864.47,25.07,122632.19,46.97,6662.94,22.2,25.51,0.82,0.98,11.62
71,1968-12-01,5.2,25716.48355488522,106.5,3.07,5.76,35.5,6.03,871.04,25.11,123859.81,47.11,6698.9,22.28,25.6,0.54,1.0,11.35
72,1969-01-01,5.5,25700.0,102.0,3.08,5.78,35.6,6.04,831.89,25.12,118590.74,47.14,6720.14,21.19,24.36,0.75,0.99,11.37
73,1969-02-01,4.9,25736.689842567903,101.5,3.09,5.8,35.8,6.19,823.18,25.06,117647.85,47.04,6722.73,20.9,24.02,0.76,1.0,11.24
74,1969-03-01,5.7,25807.722748097123,99.3,3.1,5.82,36.1,6.3,798.65,24.93,114438.3,46.81,6707.26,20.2,23.22,0.9,1.01,11.11
75,1969-04-01,6.0,25900.0,101.3,3.11,5.83,36.3,6.17,810.25,24.88,116397.02,46.6,6695.03,20.43,23.48,1.0,0.99,11.22
76,1969-05-01,6.1,25972.411551446243,104.6,3.12,5.83,36.4,6.32,834.34,24.89,120156.57,46.53,6700.89,20.97,24.11,0.75,0.99,11.12
77,1969-06-01,5.8,25987.19387228082,99.14,3.13,5.84,36.6,6.57,786.47,24.83,113560.2,46.33,6689.44,19.71,22.66,0.82,0.99,10.92
78,1969-07-01,6.3,25900.0,94.71,3.14,5.86,36.8,6.72,747.24,24.75,108194.03,46.21,6690.49,18.68,21.48,0.97,1.01,10.8
79,1969-08-01,6.5,25672.696219343463,94.18,3.14,5.87,37.0,6.69,739.05,24.67,107304.63,46.09,6691.82,18.43,21.19,1.13,0.97,10.82
80,1969-09-01,6.9,25323.999417979994,94.51,3.15,5.89,37.1,7.16,739.64,24.65,107688.65,46.1,6711.31,18.4,21.16,0.66,1.01,10.49
81,1969-10-01,7.0,24900.0,95.52,3.15,5.85,37.3,7.1,743.53,24.55,108553.71,45.56,6652.02,18.45,21.22,0.73,1.0,10.55
82,1969-11-01,6.2,24422.67953654406,96.21,3.16,5.82,37.5,7.14,744.91,24.44,109052.08,45.04,6593.08,18.44,21.22,0.75,0.97,10.52
83,1969-12-01,6.1,24047.799113636545,91.11,3.16,5.78,37.7,7.65,701.68,24.34,103020.38,44.51,6535.59,17.33,19.95,0.64,1.0,10.16
84,1970-01-01,5.5,23900.0,90.31,3.16,5.73,37.8,7.79,693.68,24.3,102142.93,44.01,6480.78,17.09,19.68,0.64,1.05,10.1
85,1970-02-01,7.2,24071.95142363393,87.16,3.17,5.68,38.0,7.24,665.96,24.2,98358.25,43.4,6409.76,16.37,18.87,1.47,1.02,10.5
86,1970-03-01,6.8,24314.543521725962,88.65,3.17,5.63,38.2,7.07,673.8,24.09,99812.46,42.79,6338.91,16.53,19.06,1.63,0.98,10.63
87,1970-04-01,6.0,24400.0,85.95,3.17,5.59,38.5,7.39,648.19,23.93,96313.84,42.18,6267.77,15.87,18.31,1.61,0.97,10.38
88,1970-05-01,5.7,24104.334995846584,76.06,3.18,5.56,38.6,7.91,572.12,23.89,85306.37,41.8,6232.18,13.98,16.15,1.97,1.01,10.04
89,1970-06-01,5.5,23551.244875092438,75.59,3.18,5.52,38.8,7.84,565.65,23.8,84637.91,41.31,6180.73,13.8,15.96,2.15,1.03,10.11
90,1970-07-01,5.4,23000.0,75.72,3.18,5.47,39.0,7.46,563.72,23.7,84644.19,40.7,6110.96,13.73,15.89,2.62,1.0,10.39
91,1970-08-01,5.1,22612.66130199715,77.92,3.19,5.41,39.0,7.53,580.09,23.72,87400.33,40.3,6071.96,14.1,16.34,2.36,1.02,10.4
92,1970-09-01,4.7,22472.606799089433,82.58,3.19,5.36,39.2,7.39,611.65,23.63,92451.37,39.7,6000.72,14.84,17.22,2.2,1.01,10.51
93,1970-10-01,4.8,22600.0,84.37,3.17,5.28,39.4,7.33,621.74,23.38,94270.43,38.93,5903.3,15.06,17.49,2.14,1.04,10.57
94,1970-11-01,4.6,23009.227168945527,84.28,3.16,5.21,39.6,6.84,617.94,23.14,93986.7,38.18,5806.33,14.95,17.37,2.73,1.04,10.95
95,1970-12-01,4.7,23596.782851049866,90.05,3.14,5.13,39.8,6.39,656.92,22.91,100206.95,37.42,5708.62,15.87,18.45,2.85,1.02,11.32
96,1971-01-01,4.3,24300.0,93.49,3.13,5.16,39.8,6.24,682.02,22.83,104325.21,37.64,5758.03,16.46,19.15,2.77,1.01,11.5
97,1971-02-01,4.4,24992.112336222184,97.11,3.12,5.19,39.9,6.11,706.65,22.7,108382.57,37.77,5792.46,17.03,19.82,2.72,1.04,11.64
98,1971-03-01,4.0,25498.083294458178,99.6,3.11,5.22,40.0,5.7,722.96,22.57,111172.24,37.89,5826.5,17.4,20.26,3.03,0.99,12.03
99,1971-04-01,4.2,25800.0,103.0,3.11,5.25,40.1,5.83,745.77,22.49,114968.82,38.04,5863.78,17.92,20.88,2.76,0.96,11.94
100,1971-05-01,4.6,25760.849311648275,101.6,3.1,5.29,40.3,6.39,731.99,22.36,113130.56,38.09,5886.65,17.56,20.46,2.37,1.0,11.46
101,1971-06-01,4.7,25524.13505544992,99.72,3.1,5.32,40.6,6.52,713.13,22.17,110502.25,38.05,5895.23,17.08,19.91,2.47,0.99,11.32
102,1971-07-01,4.1,25300.0,99.0,3.1,5.36,40.7,6.73,706.24,22.09,109720.11,38.21,5936.71,16.89,19.69,2.29,1.02,11.19
103,1971-08-01,4.7,25233.206046401785,97.24,3.09,5.39,40.8,6.58,691.99,22.01,107790.38,38.38,5978.5,16.52,19.27,2.63,1.04,11.34
104,1971-09-01,5.2,25320.726769182453,99.4,3.09,5.43,40.8,6.14,707.36,21.99,110470.18,38.64,6034.74,16.86,19.67,2.91,1.02,11.77
105,1971-10-01,5.0,25500.0,97.29,3.08,5.52,40.9,5.93,690.65,21.89,108145.68,39.19,6135.93,16.43,19.18,3.3,1.01,11.99
106,1971-11-01,4.9,25732.740197301773,92.78,3.08,5.61,40.9,5.81,658.64,21.84,103417.45,39.82,6253.2,15.64,18.27,3.73,1.0,12.16
107,1971-12-01,5.1,25971.01129301486,99.17,3.07,5.7,41.1,5.93,700.57,21.69,110285.95,40.27,6338.91,16.6,19.41,3.29,1.0,12.05
108,1972-01-01,5.2,26200.0,103.3,3.07,5.74,41.1,5.95,729.75,21.69,115163.39,40.53,6395.49,17.26,20.18,3.04,1.0,12.09
109,1972-02-01,5.4,26393.234354776254,105.2,3.07,5.77,41.3,6.08,739.57,21.58,116997.48,40.59,6420.77,17.46,20.42,2.86,1.01,11.98
110,1972-03-01,6.1,26570.589243678645,107.7,3.07,5.81,41.4,6.07,755.32,21.53,119772.35,40.75,6461.26,17.81,20.82,2.79,1.0,12.02
111,1972-04-01,5.8,26800.0,108.8,3.07,5.86,41.5,6.19,761.19,21.48,120987.92,41.02,6520.15,17.92,20.95,2.62,1.01,11.94
112,1972-05-01,6.1,27094.797631090216,107.7,3.07,5.92,41.6,6.13,751.69,21.43,119760.61,41.3,6579.24,17.66,20.65,2.79,1.01,12.03
113,1972-06-01,6.3,27473.14743771588,108.0,3.07,5.97,41.7,6.11,751.97,21.38,120090.01,41.57,6638.31,17.64,20.63,2.84,1.01,12.08
114,1972-07-01,6.3,27900.0,107.2,3.07,6.03,41.9,6.11,742.84,21.3,118914.9,41.76,6685.27,17.4,20.35,2.93,1.0,12.08
115,1972-08-01,6.0,28382.440400627096,111.0,3.08,6.08,42.0,6.21,767.34,21.27,123120.73,42.05,6747.6,17.94,20.98,2.68,0.98,12.02
116,1972-09-01,6.2,28843.570608584105,109.4,3.08,6.14,42.1,6.55,754.48,21.24,121341.8,42.34,6810.23,17.61,20.6,2.44,1.01,11.76
117,1972-10-01,5.7,29200.0,109.6,3.1,6.23,42.3,6.48,752.29,21.3,121274.35,42.79,6897.29,17.53,20.5,2.58,1.02,11.83
118,1972-11-01,6.8,29448.00503655694,115.1,3.13,6.33,42.4,6.28,788.18,21.41,127347.45,43.32,6999.87,18.34,21.44,2.56,1.0,12.04
119,1972-12-01,6.5,29712.437911995512,117.5,3.15,6.42,42.5,6.36,802.72,21.52,129986.69,43.86,7102.25,18.65,21.8,2.41,1.0,12.0
120,1973-01-01,6.5,30200.0,118.4,3.16,6.55,42.6,6.46,806.97,21.51,130965.19,44.62,7241.43,18.71,21.87,2.32,0.99,11.95
121,1973-02-01,6.8,31018.80034089873,114.2,3.16,6.67,42.9,6.64,772.9,21.41,125725.66,45.16,7346.84,17.89,20.91,2.45,1.0,11.78
122,1973-03-01,7.0,31877.06797271089,112.4,3.17,6.8,43.3,6.71,753.69,21.26,122889.0,45.6,7434.57,17.41,20.35,2.6,1.01,11.67
123,1973-04-01,7.7,32700.0,110.3,3.19,6.94,43.6,6.67,734.52,21.22,120051.6,46.24,7557.19,16.94,19.79,2.87,0.99,11.69
124,1973-05-01,7.5,33176.25856076625,107.2,3.2,7.09,43.9,6.85,709.0,21.19,116168.75,46.87,7679.57,16.31,19.06,2.99,1.0,11.53
125,1973-06-01,7.8,33404.26764668648,104.8,3.22,7.23,44.2,6.9,688.42,21.15,113085.94,47.49,7801.64,15.81,18.47,3.17,0.99,11.47
126,1973-07-01,8.7,33500.0,105.8,3.24,7.38,44.3,7.13,693.42,21.21,114197.69,48.39,7969.37,15.89,18.57,2.9,0.99,11.32
127,1973-08-01,9.4,33592.20155536977,103.8,3.25,7.54,45.1,7.4,668.24,20.94,110339.0,48.52,8011.45,15.28,17.85,3.07,1.03,10.98
128,1973-09-01,9.5,33744.523752865476,105.6,3.27,7.69,45.2,7.09,678.33,21.01,112293.07,49.4,8177.4,15.48,18.08,3.32,1.03,11.26
129,1973-10-01,9.4,34000.0,109.8,3.31,7.85,45.6,6.79,699.12,21.05,116025.52,49.96,8291.57,15.91,18.59,3.5,1.01,11.47
130,1973-11-01,9.6,34398.937403244585,102.0,3.34,8.0,45.9,6.73,645.21,21.15,107371.28,50.63,8424.78,14.65,17.12,4.17,1.0,11.51
131,1973-12-01,10.1,34828.81227641061,94.78,3.38,8.16,46.2,6.74,595.65,21.24,99417.79,51.28,8559.29,13.49,15.77,4.78,0.99,11.49
132,1974-01-01,9.7,35200.0,96.11,3.4,8.23,46.6,6.99,598.82,21.18,100242.17,51.26,8580.37,13.53,15.82,4.59,1.01,11.25
133,1974-02-01,9.6,35411.824034014666,93.45,3.42,8.29,47.2,6.96,574.85,21.04,96522.28,51.02,8565.98,12.96,15.15,5.09,0.99,11.2
134,1974-03-01,8.8,35510.58939285362,97.44,3.44,8.36,47.8,7.21,591.87,20.9,99672.53,50.78,8551.54,13.31,15.57,4.76,0.99,10.93
135,1974-04-01,9.1,35600.0,92.46,3.46,8.49,48.0,7.51,559.28,20.93,94478.06,51.33,8671.9,12.55,14.69,4.96,1.0,10.72
136,1974-05-01,8.0,35734.83954386239,89.67,3.48,8.61,48.6,7.58,535.7,20.79,90788.64,51.46,8720.78,12.0,14.05,5.39,1.01,10.6
137,1974-06-01,8.9,35939.16266064926,89.79,3.5,8.74,49.0,7.54,532.04,20.74,90460.9,51.79,8805.3,11.89,13.93,5.56,0.99,10.61
138,1974-07-01,8.8,36200.0,79.31,3.53,8.86,49.4,7.81,466.14,20.75,79549.58,52.09,8890.1,10.39,12.19,6.55,0.99,10.4
139,1974-08-01,9.3,36527.74893628185,76.03,3.56,8.99,50.0,8.04,441.5,20.67,75638.55,52.18,8940.4,9.82,11.53,7.04,1.01,10.18
140,1974-09-01,9.1,36878.776198907944,68.12,3.59,9.11,50.6,8.04,390.88,20.6,67259.78,52.27,8994.96,8.68,10.21,8.47,1.02,10.12
141,1974-10-01,9.8,37200.0,69.44,3.59,9.04,51.1,7.9,394.55,20.42,68185.01,51.35,8873.35,8.74,10.3,8.63,1.02,10.19
142,1974-11-01,9.7,37487.611270797766,71.74,3.6,8.96,51.5,7.68,404.45,20.28,70188.33,50.53,8769.46,8.95,10.55,8.63,1.02,10.33
143,1974-12-01,10.3,37762.50330132624,67.07,3.6,8.89,51.9,7.43,375.21,20.14,65404.85,49.73,8669.29,8.29,9.79,9.85,1.0,10.49
144,1975-01-01,9.9,38100.0,72.56,3.62,8.74,52.1,7.5,404.37,20.19,70780.24,48.73,8528.87,8.92,10.55,8.97,1.01,10.47
145,1975-02-01,10.4,38512.234530427275,80.1,3.65,8.6,52.5,7.39,442.98,20.17,77834.16,47.54,8353.49,9.76,11.56,8.2,0.98,10.53
146,1975-03-01,8.9,38840.586527306594,83.78,3.67,8.45,52.7,7.73,461.58,20.22,81397.16,46.55,8209.67,10.16,12.04,7.46,0.97,10.31
147,1975-04-01,7.2,39000.0,84.72,3.68,8.29,52.9,8.23,464.99,20.22,82296.32,45.48,8049.6,10.23,12.13,6.9,1.02,9.99
148,1975-05-01,6.8,38872.53749359385,90.1,3.7,8.12,53.2,8.06,491.73,20.17,87326.41,44.33,7873.27,10.82,12.84,6.6,1.02,10.12
149,1975-06-01,7.2,38696.49630227928,92.4,3.71,7.96,53.6,7.86,500.52,20.1,89184.7,43.12,7683.01,11.01,13.07,6.65,0.99,10.25
150,1975-07-01,7.0,38800.0,92.49,3.71,7.89,54.2,8.06,495.46,19.87,88578.43,42.28,7559.51,10.9,12.95,6.66,0.98,10.06
151,1975-08-01,6.8,39411.949979667974,85.71,3.71,7.83,54.3,8.4,458.3,19.84,82229.54,41.85,7508.85,10.09,12.0,7.07,1.0,9.88
152,1975-09-01,7.3,40326.39675376789,84.67,3.71,7.76,54.6,8.43,450.25,19.73,81080.43,41.27,7431.02,9.92,11.81,7.27,1.03,9.88
153,1975-10-01,6.6,41200.0,88.57,3.7,7.83,54.9,8.14,468.41,19.57,84645.26,41.39,7479.85,10.33,12.3,7.19,1.01,10.09
154,1975-11-01,5.8,41859.247416832215,90.07,3.69,7.89,55.3,8.05,472.9,19.37,85747.91,41.44,7514.56,10.44,12.44,7.25,1.01,10.14
155,1975-12-01,5.8,42332.78796171474,88.7,3.68,7.96,55.5,8.0,464.03,19.25,84430.25,41.64,7576.83,10.25,12.23,7.48,1.02,10.21
156,1976-01-01,6.4,42800.0,96.86,3.68,8.19,55.6,7.74,505.81,19.23,92323.27,42.79,7809.57,11.19,13.34,6.95,1.0,10.44
157,1976-02-01,5.9,43345.09793753747,100.6,3.69,8.43,55.8,7.79,523.45,19.18,95836.2,43.85,8027.63,11.59,13.83,6.56,1.01,10.43
158,1976-03-01,6.8,43836.848056573916,101.1,3.69,8.66,55.9,7.73,525.11,19.17,96432.64,44.98,8260.2,11.63,13.88,6.57,1.02,10.53
159,1976-04-01,6.4,44200.0,101.9,3.71,8.86,56.1,7.56,527.38,19.22,97143.31,45.84,8443.24,11.69,13.95,6.67,0.98,10.68
160,1976-05-01,7.0,44306.292285624346,101.2,3.74,9.05,56.5,7.9,520.05,19.2,96087.72,46.52,8595.99,11.53,13.76,6.52,1.01,10.42
161,1976-06-01,6.9,44307.74160004199,101.8,3.76,9.25,56.8,7.86,520.37,19.22,96442.83,47.28,8763.22,11.54,13.78,6.58,1.01,10.47
162,1976-07-01,6.4,44400.0,104.2,3.79,9.35,57.1,7.83,529.84,19.27,98495.52,47.54,8838.13,11.76,14.03,6.47,1.01,10.5
163,1976-08-01,6.2,44727.038536377535,103.3,3.82,9.45,57.4,7.77,522.52,19.32,97433.78,47.8,8913.35,11.6,13.84,6.64,1.02,10.56
164,1976-09-01,6.2,45160.99796373077,105.5,3.85,9.55,57.6,7.59,531.8,19.41,99464.9,48.14,9003.69,11.81,14.09,6.71,1.02,10.72
165,1976-10-01,5.8,45500.0,101.9,3.92,9.67,57.9,7.41,510.99,19.64,95879.18,48.49,9098.64,11.35,13.54,7.22,1.01,10.87
166,1976-11-01,6.0,45658.18470146192,101.2,3.98,9.79,58.0,7.29,506.6,19.94,95368.16,49.01,9225.83,11.25,13.43,7.43,1.04,11.01
167,1976-12-01,5.6,45825.94646639352,104.7,4.05,9.91,58.2,6.87,522.32,20.2,98644.36,49.44,9336.83,11.6,13.85,7.62,0.98,11.37
168,1977-01-01,5.3,46300.0,103.8,4.1,9.97,58.5,7.21,515.18,20.33,97614.89,49.47,9372.79,11.44,13.66,7.46,0.99,11.1
169,1977-02-01,5.1,47239.814438849244,101.0,4.14,10.02,59.1,7.39,496.19,20.36,94338.86,49.24,9362.24,11.01,13.15,7.72,1.0,10.92
170,1977-03-01,5.0,48190.12340132831,100.6,4.19,10.08,59.5,7.46,490.9,20.45,93657.49,49.19,9384.37,10.9,13.02,7.79,1.01,10.86
171,1977-04-01,5.5,48900.0,99.05,4.25,10.19,60.0,7.37,479.31,20.55,91772.72,49.33,9444.39,10.64,12.71,8.16,1.0,10.9
172,1977-05-01,5.4,48954.58106783749,98.76,4.3,10.31,60.3,7.46,475.53,20.72,91379.4,49.63,9536.45,10.55,12.61,8.17,1.02,10.84
173,1977-06-01,5.5,48738.70264846471,99.29,4.36,10.42,60.7,7.28,474.93,20.86,91598.35,49.84,9612.8,10.53,12.6,8.4,1.0,10.98
174,1977-07-01,6.1,48800.0,100.2,4.41,10.52,61.0,7.33,476.93,20.97,92320.35,50.06,9689.68,10.57,12.65,8.34,1.0,10.95
175,1977-08-01,5.8,49527.31151777646,97.75,4.45,10.61,61.2,7.4,463.75,21.13,90109.5,50.35,9783.73,10.27,12.3,8.55,1.01,10.93
176,1977-09-01,5.9,50626.69333307867,96.23,4.5,10.71,61.4,7.34,455.05,21.28,88763.92,50.64,9879.06,10.07,12.07,8.81,0.99,11.01
177,1977-10-01,6.1,51600.0,93.74,4.56,10.77,61.6,7.52,441.83,21.48,86535.5,50.76,9942.26,9.77,11.72,8.94,1.0,10.9
178,1977-11-01,6.0,52185.525629733354,94.28,4.61,10.83,61.9,7.58,442.22,21.64,86965.36,50.8,9989.76,9.77,11.72,8.9,1.0,10.87
179,1977-12-01,6.0,52536.04560231291,93.82,4.67,10.89,62.1,7.69,438.65,21.83,86620.15,50.92,10054.29,9.68,11.63,8.88,0.99,10.82
180,1978-01-01,5.9,53000.0,90.25,4.71,10.9,62.5,7.96,419.26,21.9,83151.16,50.64,10042.63,9.24,11.12,9.11,1.0,10.62
181,1978-02-01,6.3,53788.22803497368,88.98,4.76,10.91,62.9,8.03,410.73,21.96,81822.6,50.36,10032.42,9.05,10.89,9.31,1.01,10.57
182,1978-03-01,6.1,54598.393309843006,88.82,4.8,10.92,63.4,8.04,406.76,21.98,81396.26,50.01,10007.29,8.95,10.79,9.47,1.0,10.55
183,1978-04-01,5.8,55300.0,92.71,4.84,11.02,63.9,8.15,421.25,21.98,84662.81,50.09,10066.48,9.26,11.18,9.03,0.99,10.46
184,1978-05-01,5.9,55589.26250550976,97.41,4.87,11.13,64.5,8.35,438.49,21.94,88494.78,50.09,10108.35,9.63,11.64,8.49,1.0,10.3
185,1978-06-01,6.2,55740.28570749597,97.66,4.91,11.23,65.2,8.46,434.89,21.86,88137.09,50.01,10134.95,9.55,11.55,8.52,1.0,10.18
186,1978-07-01,6.6,56100.0,97.19,4.95,11.34,65.7,8.64,429.51,21.86,87414.59,50.13,10202.39,9.43,11.41,8.5,1.02,10.05
187,1978-08-01,6.6,56943.78103334594,103.9,4.98,11.46,66.0,8.41,457.07,21.92,93396.73,50.4,10298.54,10.02,12.14,8.11,1.01,10.23
188,1978-09-01,5.9,58036.17386817364,103.9,5.02,11.57,66.5,8.42,453.64,21.92,93067.72,50.52,10363.75,9.94,12.05,8.24,0.99,10.22
189,1978-10-01,5.7,59000.0,100.6,5.04,11.82,67.1,8.64,435.3,21.79,89678.6,51.16,10539.73,9.53,11.57,8.48,1.0,10.05
190,1978-11-01,6.5,59656.6450248672,94.71,5.05,12.08,67.4,8.81,407.99,21.77,84425.96,52.02,10765.36,8.93,10.84,9.04,0.99,9.97
191,1978-12-01,6.1,60101.20991537924,96.11,5.07,12.33,67.7,9.01,412.19,21.74,85669.25,52.88,10990.55,9.01,10.95,8.75,1.0,9.87
192,1979-01-01,6.6,60600.0,99.71,5.11,12.65,68.3,9.1,423.87,21.74,88473.88,53.79,11227.43,9.26,11.26,8.43,1.01,9.8
193,1979-02-01,6.8,61321.98786737401,98.23,5.16,12.98,69.1,9.1,412.74,21.67,86528.45,54.53,11430.86,9.0,10.96,8.8,1.01,9.76
194,1979-03-01,6.6,62129.41201750885,100.1,5.2,13.3,69.8,9.12,416.38,21.63,87669.29,55.32,11648.37,9.07,11.05,8.72,1.0,9.72
195,1979-04-01,6.8,63100.0,102.1,5.25,13.53,70.6,9.18,419.89,21.58,88786.24,55.63,11762.83,9.13,11.13,8.65,1.0,9.65
196,1979-05-01,7.1,63994.975935116694,99.73,5.29,13.75,71.5,9.25,404.98,21.49,86012.4,55.85,11861.57,8.79,10.73,9.11,1.03,9.55
197,1979-06-01,7.4,64629.345871743375,101.7,5.34,13.98,72.3,8.91,408.41,21.44,87120.45,56.14,11975.85,8.85,10.81,9.43,1.0,9.73
198,1979-07-01,7.1,64700.0,102.7,5.4,14.2,73.1,8.95,407.91,21.43,87395.31,56.39,12081.06,8.83,10.78,9.48,1.0,9.67
199,1979-08-01,6.9,64079.40148009426,107.4,5.45,14.41,73.8,9.03,422.53,21.45,90911.07,56.71,12200.45,9.13,11.16,9.07,0.99,9.6
200,1979-09-01,7.4,63185.646965818356,108.6,5.51,14.63,74.6,9.33,422.67,21.45,91325.53,56.94,12302.88,9.11,11.14,8.88,0.95,9.39
201,1979-10-01,7.4,62600.0,104.5,5.56,14.71,75.2,10.3,403.47,21.45,87562.83,56.78,12323.07,8.68,10.62,8.48,0.99,8.82
202,1979-11-01,8.3,62676.354092297996,103.7,5.6,14.78,75.9,10.65,396.69,21.43,86478.77,56.55,12328.27,8.52,10.43,8.39,1.02,8.63
203,1979-12-01,8.6,63168.11953476785,107.8,5.65,14.86,76.7,10.39,408.07,21.39,89348.78,56.25,12316.54,8.75,10.72,8.41,0.98,8.75
204,1980-01-01,7.9,63700.0,110.9,5.7,15.0,77.8,10.8,413.87,21.27,91006.7,55.99,12312.0,8.85,10.85,7.98,0.92,8.49
205,1980-02-01,8.6,63941.666331208544,115.3,5.75,15.15,78.9,12.41,424.29,21.16,93686.03,55.74,12307.32,9.05,11.11,6.21,0.99,7.68
206,1980-03-01,9.8,63980.522747033494,104.7,5.8,15.29,80.1,12.75,379.51,21.02,84185.43,55.42,12294.13,8.08,9.92,7.31,1.09,7.5
207,1980-04-01,11.6,64000.0,103.0,5.85,15.17,81.0,11.47,369.2,20.96,82285.72,54.39,12121.81,7.84,9.64,9.0,1.09,8.05
208,1980-05-01,9.2,64142.44186710144,107.7,5.89,15.06,81.8,10.18,382.28,20.92,85587.54,53.44,11965.33,8.1,9.97,9.96,1.03,8.69
209,1980-06-01,7.6,64448.89621432424,114.6,5.94,14.94,82.7,9.78,402.34,20.85,90468.86,52.45,11794.11,8.51,10.48,9.83,0.98,8.89
210,1980-07-01,6.5,64900.0,119.8,5.98,14.84,82.7,10.25,420.6,21.01,94967.52,52.1,11763.92,8.88,10.95,8.82,0.96,8.7
211,1980-08-01,6.0,65494.45405669067,123.5,6.03,14.74,83.3,11.1,430.46,21.01,97590.66,51.38,11647.66,9.07,11.19,7.81,0.99,8.27
212,1980-09-01,7.3,66060.12665009452,126.5,6.07,14.64,84.0,11.51,437.25,20.98,99524.66,50.6,11518.11,9.2,11.35,7.28,1.0,8.08
213,1980-10-01,7.3,66400.0,130.2,6.1,14.7,84.8,11.75,445.79,20.89,101865.44,50.33,11500.94,9.36,11.56,6.9,0.96,7.97
214,1980-11-01,7.4,66444.37082170918,135.7,6.13,14.76,85.5,12.68,460.82,20.82,105695.69,50.12,11496.45,9.65,11.93,5.68,1.0,7.57
215,1980-12-01,7.6,66455.59090260667,133.5,6.16,14.82,86.3,12.84,449.14,20.72,103414.34,49.86,11480.15,9.39,11.61,5.86,1.03,7.51
216,1981-01-01,8.0,66800.0,133.0,6.2,14.74,87.0,12.57,443.86,20.69,102595.08,49.19,11370.31,9.26,11.45,6.36,0.98,7.64
217,1981-02-01,8.1,67701.19709648845,128.4,6.24,14.66,87.9,13.19,424.12,20.61,98429.56,48.42,11238.14,8.83,10.93,6.35,1.01,7.38
218,1981-03-01,7.7,68667.64842248695,133.2,6.28,14.58,88.5,13.12,436.99,20.6,101815.37,47.83,11144.65,9.08,11.25,6.16,0.98,7.44
219,1981-04-01,8.6,69400.0,134.4,6.32,14.72,89.1,13.68,437.96,20.58,102440.47,47.98,11222.19,9.09,11.27,5.64,0.99,7.25
220,1981-05-01,8.4,69441.1051817632,131.7,6.35,14.87,89.8,14.1,425.82,20.54,100000.42,48.07,11288.35,8.82,10.94,5.58,1.05,7.12
221,1981-06-01,9.2,69184.07661812034,132.3,6.39,15.01,90.6,13.47,423.98,20.48,99969.74,48.1,11341.99,8.77,10.89,6.3,0.97,7.38
222,1981-07-01,9.0,69200.0,129.1,6.43,15.1,91.6,14.28,409.21,20.39,96887.43,47.85,11329.83,8.45,10.5,6.01,0.98,7.07
223,1981-08-01,9.8,69834.36343637026,129.6,6.48,15.18,92.3,14.94,407.68,20.37,96927.01,47.76,11355.49,8.4,10.45,5.47,0.99,6.86
224,1981-09-01,11.3,70501.76145665468,118.3,6.52,15.27,93.2,15.32,368.54,20.31,88023.87,47.57,11362.0,7.58,9.45,6.48,1.02,6.74
225,1981-10-01,10.3,70400.0,119.8,6.56,15.3,93.4,15.15,372.41,20.38,89354.78,47.56,11411.75,7.65,9.54,6.53,1.11,6.87
226,1981-11-01,9.1,69053.2882728143,122.9,6.59,15.33,93.7,13.39,380.83,20.43,91781.98,47.5,11448.48,7.81,9.76,8.06,0.99,7.6
227,1981-12-01,7.1,67366.59069142872,123.8,6.63,15.36,94.0,13.72,382.39,20.48,92570.32,47.44,11485.3,7.83,9.8,7.67,0.97,7.52
228,1982-01-01,8.9,66400.0,117.3,6.66,15.18,94.3,14.59,361.16,20.51,87844.65,46.73,11365.66,7.39,9.25,7.6,1.02,7.25
229,1982-02-01,9.2,67026.5184760052,114.5,6.69,14.99,94.6,14.43,351.42,20.53,85892.01,46.02,11247.2,7.18,9.01,8.14,1.04,7.37
230,1982-03-01,8.7,68348.18216702808,110.8,6.72,14.81,94.5,13.86,340.43,20.65,83624.95,45.5,11177.67,6.95,8.73,9.13,1.01,7.69
231,1982-04-01,9.4,69600.0,116.3,6.75,14.6,94.9,13.87,355.82,20.65,87828.78,44.66,11023.3,7.26,9.14,8.53,1.03,7.75
232,1982-05-01,8.3,69844.05724633699,116.4,6.78,14.38,95.8,13.62,352.78,20.55,87501.15,43.59,10812.33,7.19,9.07,8.98,0.98,7.87
233,1982-06-01,8.3,69506.75903925674,109.7,6.81,14.17,97.0,14.3,328.36,20.38,81865.72,42.41,10574.63,6.69,8.45,9.45,1.03,7.58
234,1982-07-01,8.2,69300.0,109.4,6.82,13.97,97.5,13.95,325.78,20.32,81645.32,41.59,10423.36,6.64,8.4,9.93,1.06,7.77
235,1982-08-01,7.1,69744.50276313612,109.7,6.84,13.76,97.7,13.06,326.01,20.32,82125.94,40.9,10303.77,6.64,8.42,10.8,1.05,8.23
236,1982-09-01,6.7,70650.53755621174,122.4,6.85,13.56,97.9,12.34,363.01,20.32,91872.96,40.22,10178.08,7.4,9.39,9.98,1.1,8.64
237,1982-10-01,6.2,71600.0,132.7,6.86,13.25,98.2,10.91,392.35,20.27,99727.38,39.19,9960.19,8.0,10.17,10.38,1.03,9.44
238,1982-11-01,5.4,72356.09309777599,138.1,6.86,12.95,98.0,10.55,409.15,20.33,104428.13,38.36,9790.0,8.35,10.62,10.17,1.01,9.76
239,1982-12-01,5.8,72881.91084875395,139.4,6.87,12.64,97.6,10.54,414.69,20.44,106277.86,37.6,9636.67,8.47,10.78,9.94,1.01,9.89
240,1983-01-01,5.4,73300.0,144.3,6.88,12.57,97.8,10.46,428.39,20.43,110225.04,37.31,9599.2,8.76,11.16,9.63,0.99,10.0
241,1983-02-01,5.6,73691.15027769764,146.8,6.9,12.49,97.9,10.72,435.37,20.45,112458.71,37.05,9570.71,8.91,11.36,9.1,1.02,9.92
242,1983-03-01,5.4,74143.56739990681,151.9,6.91,12.42,97.9,10.51,450.49,20.49,116806.78,36.83,9550.63,9.23,11.78,8.82,1.02,10.14
243,1983-04-01,5.1,74900.0,157.7,6.92,12.48,98.6,10.4,464.38,20.38,120846.19,36.74,9560.95,9.53,12.17,8.59,1.01,10.22
244,1983-05-01,4.9,75934.51494014174,164.1,6.93,12.53,99.2,10.38,480.3,20.28,125429.81,36.68,9579.83,9.87,12.61,8.24,0.98,10.26
245,1983-06-01,5.3,76942.76012342304,166.4,6.94,12.59,99.5,10.85,485.56,20.25,127245.05,36.74,9627.5,10.0,12.77,7.6,0.98,10.03
246,1983-07-01,5.8,77400.0,167.0,6.96,12.83,99.9,11.38,485.36,20.23,127634.29,37.28,9803.15,10.01,12.79,7.08,0.98,9.76
247,1983-08-01,6.2,77045.98012830089,162.4,6.98,13.06,100.2,11.85,470.58,20.23,124190.23,37.85,9989.74,9.73,12.42,6.74,1.02,9.56
248,1983-09-01,6.2,76325.44322290152,167.2,7.0,13.3,100.7,11.65,482.08,20.18,127669.88,38.35,10155.56,9.98,12.75,6.71,1.02,9.72
249,1983-10-01,5.6,75900.0,167.7,7.03,13.54,101.0,11.54,482.09,20.21,128117.32,38.93,10346.64,10.0,12.77,6.73,1.0,9.85
250,1983-11-01,5.8,76221.42852338207,165.2,7.06,13.79,101.2,11.69,473.96,20.26,126406.56,39.55,10549.21,9.85,12.58,6.69,1.0,9.84
251,1983-12-01,4.7,77083.2264533569,164.4,7.09,14.03,101.3,11.83,471.2,20.32,126121.88,40.21,10763.32,9.82,12.53,6.53,1.02,9.84
252,1984-01-01,5.3,78200.0,166.4,7.12,14.44,101.9,11.67,474.13,20.29,127357.06,41.14,11051.9,9.89,12.63,6.57,1.0,9.97
253,1984-02-01,5.1,79231.3603571533,157.3,7.15,14.85,102.4,11.84,446.01,20.27,120258.17,42.11,11353.04,9.32,11.9,6.94,0.98,9.92
254,1984-03-01,6.1,80044.4534482972,157.4,7.18,15.26,102.6,12.32,445.42,20.32,120556.6,43.18,11688.02,9.33,11.9,6.34,0.99,9.73
255,1984-04-01,6.0,80700.0,157.6,7.22,15.57,103.1,12.63,443.83,20.34,120583.19,43.86,11915.47,9.31,11.88,6.06,0.97,9.61
256,1984-05-01,6.7,81100.78309806743,156.6,7.27,15.89,103.4,13.41,439.73,20.4,119932.41,44.61,12166.86,9.23,11.78,5.26,1.0,9.28
257,1984-06-01,6.6,81213.45905980509,153.1,7.31,16.2,103.7,13.56,428.66,20.47,117377.91,45.36,12420.13,9.01,11.5,5.32,1.02,9.28
258,1984-07-01,6.7,81000.0,151.1,7.33,16.32,104.1,13.36,421.43,20.45,115866.15,45.52,12514.46,8.87,11.32,5.65,1.05,9.45
259,1984-08-01,7.5,80466.9653201473,164.4,7.36,16.44,104.5,12.72,456.77,20.44,126050.59,45.68,12605.06,9.62,12.27,5.32,1.02,9.85
260,1984-09-01,6.5,79967.14255968845,166.1,7.38,16.56,105.0,12.52,459.3,20.41,127216.87,45.79,12683.39,9.69,12.35,5.38,1.03,10.02
261,1984-10-01,6.0,79900.0,164.8,7.43,16.59,105.3,12.16,454.41,20.49,126334.47,45.73,12715.24,9.6,12.23,5.76,1.04,10.31
262,1984-11-01,7.2,80538.31847159463,166.3,7.48,16.61,105.3,11.57,458.54,20.62,127962.2,45.81,12783.37,9.69,12.35,6.16,1.01,10.77
263,1984-12-01,7.3,81603.20078964776,164.5,7.53,16.64,105.3,11.5,453.58,20.76,127060.0,45.88,12852.76,9.6,12.22,6.25,1.02,10.92
264,1985-01-01,6.7,82800.0,171.6,7.57,16.56,105.5,11.38,472.26,20.84,132779.32,45.57,12811.12,10.0,12.73,5.93,1.0,11.08
265,1985-02-01,6.5,83758.43410383415,180.9,7.62,16.47,106.0,11.51,495.5,20.86,139803.96,45.12,12730.97,10.49,13.36,5.3,0.99,11.04
266,1985-03-01,6.4,84266.65500934779,179.4,7.66,16.39,106.4,11.86,489.55,20.9,138614.97,44.73,12663.88,10.37,13.2,5.06,1.04,10.88
267,1985-04-01,6.9,84300.0,180.6,7.69,16.13,106.9,11.43,490.52,20.88,139382.1,43.81,12448.69,10.4,13.22,5.48,1.04,11.22
268,1985-05-01,6.4,83791.15563260338,184.9,7.71,15.87,107.3,10.85,500.32,20.87,142662.98,42.94,12244.79,10.61,13.49,5.84,1.05,11.67
269,1985-06-01,6.0,83209.24040099238,188.9,7.74,15.61,107.6,10.16,509.72,20.89,145839.16,42.12,12051.61,10.81,13.74,6.31,1.0,12.25
270,1985-07-01,5.6,83200.0,192.5,7.77,15.48,107.8,10.31,518.47,20.94,148841.98,41.7,11971.77,11.0,13.98,5.9,1.01,12.21
271,1985-08-01,5.8,84168.17146901513,188.3,7.81,15.36,108.0,10.33,506.22,20.99,145826.98,41.28,11892.84,10.74,13.65,6.1,1.01,12.28
272,1985-09-01,6.3,85622.1372229696,184.1,7.84,15.23,108.3,10.37,493.56,21.02,142683.95,40.83,11803.78,10.47,13.31,6.27,1.02,12.32
273,1985-10-01,6.4,86800.0,186.2,7.86,15.02,108.7,10.24,497.35,20.99,144286.26,40.13,11641.55,10.55,13.41,6.31,1.04,12.48
274,1985-11-01,5.9,87295.40962637888,197.5,7.88,14.82,109.0,9.78,526.08,20.99,153128.86,39.47,11487.92,11.16,14.19,6.2,1.04,12.92
275,1985-12-01,5.8,87478.7312257643,207.3,7.9,14.61,109.3,9.26,550.67,20.99,160795.02,38.81,11332.44,11.69,14.85,6.31,1.01,13.42
276,1986-01-01,5.7,88000.0,208.2,7.94,14.58,109.6,9.19,551.55,21.03,161562.9,38.62,11314.06,11.72,14.88,6.37,1.04,13.55
277,1986-02-01,6.0,89289.62688090453,219.4,7.98,14.55,109.3,8.7,582.82,21.2,171238.85,38.65,11356.09,12.39,15.73,6.33,1.07,14.13
278,1986-03-01,4.7,90753.8389125326,232.3,8.02,14.52,108.8,7.78,619.92,21.4,182664.36,38.75,11417.51,13.19,16.73,6.69,1.04,15.2
279,1986-04-01,4.7,92100.0,238.0,8.05,14.58,108.6,7.3,636.3,21.51,188019.34,38.99,11520.77,13.55,17.18,6.91,0.98,15.84
280,1986-05-01,5.2,92696.51561771707,238.5,8.07,14.65,108.9,7.71,635.88,21.52,188425.32,39.05,11571.53,13.56,17.18,6.45,1.0,15.44
281,1986-06-01,5.7,92853.97409819246,245.3,8.1,14.71,109.5,7.8,650.43,21.48,193266.07,39.0,11589.66,13.89,17.58,6.18,1.04,15.36
282,1986-07-01,6.1,93000.0,240.2,8.14,14.76,109.5,7.3,636.9,21.59,189782.56,39.13,11659.3,13.62,17.23,6.77,1.02,16.0
283,1986-08-01,7.0,93491.04863279822,245.0,8.19,14.8,109.7,7.17,648.45,21.67,193760.18,39.18,11707.31,13.89,17.55,6.72,0.99,16.22
284,1986-09-01,5.8,94233.16985801554,238.3,8.23,14.85,110.2,7.45,627.85,21.68,188146.28,39.13,11724.6,13.47,17.01,6.68,1.01,15.93
285,1986-10-01,6.5,95000.0,237.4,8.25,14.73,110.3,7.43,624.91,21.71,187807.86,38.77,11650.34,13.43,16.94,6.68,1.02,16.03
286,1986-11-01,6.1,95728.67005231472,245.1,8.26,14.6,110.4,7.25,644.6,21.73,194267.99,38.41,11574.68,13.87,17.49,6.61,1.02,16.32
287,1986-12-01,5.5,96578.51320283102,248.6,8.28,14.48,110.5,7.11,653.21,21.76,197410.2,38.05,11498.39,14.09,17.74,6.61,1.01,16.57
288,1987-01-01,6.0,97900.0,264.5,8.3,14.69,111.2,7.08,690.61,21.67,209259.81,38.35,11619.42,14.92,18.78,6.26,0.99,16.59
289,1987-02-01,6.2,99822.11373268109,280.9,8.32,14.89,111.6,7.25,730.81,21.65,221984.73,38.75,11769.62,15.82,19.89,5.63,1.01,16.43
290,1987-03-01,6.0,101704.57384349605,292.5,8.34,15.1,112.1,7.25,757.59,21.6,230667.55,39.11,11907.97,16.43,20.63,5.37,0.95,16.46
291,1987-04-01,6.0,103400.0,289.3,8.4,14.87,112.7,8.02,745.31,21.64,227478.49,38.32,11694.97,16.2,20.3,4.66,0.97,15.61
292,1987-05-01,6.7,104304.34936570493,289.1,8.46,14.65,113.1,8.61,742.16,21.72,227069.65,37.6,11504.05,16.16,20.23,4.07,1.02,15.05
293,1987-06-01,6.9,104961.35040651445,301.4,8.52,14.42,113.5,8.4,771.01,21.8,236451.91,36.89,11312.66,16.83,21.04,4.0,1.0,15.31
294,1987-07-01,6.7,106000.0,310.1,8.57,14.9,113.8,8.45,791.18,21.86,243194.42,38.02,11685.25,17.31,21.61,3.76,0.99,15.33
295,1987-08-01,6.8,107921.7255840006,329.4,8.61,15.38,114.4,8.76,836.01,21.86,257535.43,39.03,12024.57,18.33,22.85,3.15,0.96,15.04
296,1987-09-01,6.8,110066.05301766309,318.7,8.66,15.86,115.0,9.42,804.63,21.86,248431.09,40.04,12363.09,17.68,22.01,2.71,1.0,14.44
297,1987-10-01,6.8,111500.0,280.2,8.71,16.41,115.3,9.52,705.59,21.93,218415.82,41.31,12789.02,15.53,19.31,3.39,1.05,14.42
298,1987-11-01,7.0,111694.10785437716,245.0,8.76,16.95,115.4,8.86,616.42,22.04,191380.48,42.65,13242.98,13.59,16.89,4.92,1.0,15.15
299,1987-12-01,7.6,111001.2111789752,241.0,8.81,17.5,115.4,8.99,606.35,22.17,188829.39,44.03,13711.68,13.39,16.62,4.87,1.03,15.13
300,1988-01-01,7.5,110000.0,250.5,8.86,17.86,115.7,8.67,628.62,22.23,196340.74,44.83,14001.17,13.9,17.24,4.88,1.04,15.53
301,1988-02-01,6.6,109287.08217417066,258.1,8.9,18.23,116.0,8.21,646.02,22.28,202354.43,45.62,14290.02,14.3,17.71,5.1,1.0,16.08
302,1988-03-01,6.6,109197.16842491951,265.7,8.95,18.59,116.5,8.37,662.19,22.31,208001.14,46.33,14553.03,14.67,18.15,4.72,0.98,15.95
303,1988-04-01,6.4,110000.0,262.6,9.04,19.62,117.1,8.72,651.11,22.42,205107.94,48.64,15321.94,14.43,17.84,4.45,0.98,15.61
304,1988-05-01,6.6,111739.11362630189,256.1,9.14,20.64,117.5,9.09,632.83,22.58,199942.72,51.01,16116.66,14.03,17.33,4.22,1.02,15.3
305,1988-06-01,6.2,113763.24618043764,270.7,9.23,21.67,118.0,8.92,666.07,22.71,211043.7,53.32,16894.41,14.77,18.21,3.96,1.0,15.52
306,1988-07-01,6.6,115000.0,269.1,9.31,22.02,118.5,9.06,659.34,22.8,209513.18,53.96,17146.68,14.61,17.99,3.86,0.99,15.43
307,1988-08-01,6.6,114900.0206343242,263.7,9.38,22.38,119.0,9.26,643.39,22.89,205052.5,54.6,17400.07,14.24,17.52,3.83,1.03,15.28
308,1988-09-01,6.5,114165.83972383423,268.0,9.46,22.73,119.8,8.98,649.52,22.93,207613.45,55.09,17608.41,14.37,17.65,4.04,1.02,15.57
309,1988-10-01,6.0,113900.0,277.4,9.55,23.07,120.2,8.8,670.06,23.07,214794.75,55.73,17865.98,14.81,18.17,3.95,1.0,15.82
310,1988-11-01,7.2,114844.58742490674,271.0,9.64,23.42,120.3,8.96,654.06,23.27,210286.23,56.52,18170.51,14.45,17.69,3.93,1.0,15.76
311,1988-12-01,6.8,116448.47875975813,276.5,9.75,23.75,120.5,9.11,666.23,23.49,214827.35,57.23,18452.62,14.7,17.98,3.63,1.01,15.69
312,1989-01-01,6.2,118000.0,285.4,9.81,24.16,121.1,9.09,684.26,23.53,221275.81,57.93,18731.69,15.09,18.43,3.43,1.0,15.76
313,1989-02-01,7.5,118804.5683190682,294.0,9.9,24.56,121.6,9.17,701.99,23.63,227643.07,58.64,19016.71,15.47,18.86,3.11,1.0,15.73
314,1989-03-01,8.2,118991.99990404918,292.7,10.01,24.96,122.3,9.36,694.88,23.76,225981.5,59.26,19270.58,15.3,18.62,2.95,1.02,15.57
315,1989-04-01,7.4,118900.0,302.3,10.09,25.05,123.1,9.18,713.01,23.79,232521.23,59.08,19265.26,15.69,19.06,2.91,1.03,15.77
316,1989-05-01,7.1,118812.104247899,313.9,10.19,25.13,123.8,8.86,736.18,23.91,240728.13,58.94,19274.59,16.19,19.63,2.96,1.05,16.13
317,1989-06-01,7.2,119071.07030045164,323.7,10.37,25.22,124.1,8.28,757.33,24.26,248304.71,59.0,19345.83,16.64,20.15,3.28,1.02,16.84
318,1989-07-01,6.1,120000.0,331.9,10.42,24.71,124.4,8.02,774.64,24.33,254645.5,57.67,18958.39,17.01,20.56,3.32,1.0,17.21
319,1989-08-01,6.4,121798.57807234152,346.6,10.55,24.2,124.6,8.11,807.65,24.58,266170.26,56.39,18584.31,17.73,21.39,2.91,1.0,17.19
320,1989-09-01,7.1,123718.54831071528,347.3,10.73,23.69,125.0,8.19,806.69,24.92,266538.83,55.03,18181.13,17.71,21.33,2.75,1.02,17.16
321,1989-10-01,6.9,124800.0,347.4,10.8,23.43,125.6,8.01,803.07,24.96,266029.14,54.15,17939.51,17.64,21.21,2.92,1.02,17.4
322,1989-11-01,6.6,124559.48489907298,340.2,10.92,23.16,125.9,7.87,784.55,25.19,260590.22,53.42,17742.88,17.24,20.7,3.12,1.01,17.65
323,1989-12-01,7.0,123863.33498381515,348.6,11.06,22.87,126.1,7.84,802.65,25.47,267305.9,52.66,17536.68,17.65,21.15,2.92,0.98,17.77
324,1990-01-01,7.0,123900.0,339.97,11.14,22.49,127.4,8.21,774.79,25.39,258732.92,51.25,17115.93,17.05,20.41,2.71,0.99,17.26
325,1990-02-01,7.6,125423.39676687446,330.45,11.23,22.08,128.0,8.47,749.57,25.47,251017.79,50.08,16772.5,16.51,19.74,2.55,1.0,17.0
326,1990-03-01,7.8,126892.43925801861,338.46,11.32,21.67,128.7,8.59,763.56,25.54,256416.68,48.89,16417.15,16.83,20.1,2.21,0.99,16.89
327,1990-04-01,8.3,126800.0,338.18,11.44,21.53,128.9,8.79,761.74,25.76,256527.94,48.5,16334.18,16.81,20.06,1.91,1.01,16.76
328,1990-05-01,8.2,123876.04838366417,350.25,11.55,21.4,129.2,8.76,787.1,25.96,265795.4,48.08,16237.39,17.39,20.72,1.67,1.03,16.88
329,1990-06-01,7.9,119708.59039876105,360.39,11.66,21.26,129.9,8.48,805.52,26.06,272750.0,47.52,16089.97,17.82,21.21,1.75,1.01,17.23
330,1990-07-01,7.8,117000.0,360.03,11.73,21.42,130.4,8.47,801.63,26.11,272169.52,47.69,16192.74,17.75,21.1,1.82,0.99,17.29
331,1990-08-01,8.2,117336.02191968144,330.75,11.78,21.58,131.6,8.75,729.72,26.0,248490.5,47.61,16212.92,16.17,19.21,2.11,1.0,16.94
332,1990-09-01,8.4,119541.83860257745,315.41,11.83,21.74,132.7,8.89,690.11,25.88,235735.86,47.57,16248.37,15.3,18.17,2.32,1.02,16.77
333,1990-10-01,8.7,121500.0,307.12,11.93,21.61,133.5,8.72,667.95,25.94,228902.81,46.99,16103.92,14.82,17.59,2.67,1.03,16.98
334,1990-11-01,8.2,121832.94436466394,315.29,12.01,21.47,133.8,8.39,684.18,26.07,235209.67,46.6,16019.31,15.19,18.02,2.77,1.03,17.44
335,1990-12-01,8.5,121015.84119944497,328.75,12.09,21.34,133.8,8.08,713.39,26.24,246002.58,46.31,15968.65,15.85,18.8,2.71,1.01,17.93
336,1991-01-01,9.4,120000.0,325.49,12.11,21.18,134.6,8.09,702.11,26.12,242865.96,45.69,15806.02,15.61,18.5,2.78,1.02,17.93
337,1991-02-01,7.9,119603.05364673134,362.26,12.11,21.03,134.8,7.85,780.27,26.09,270653.12,45.29,15709.55,17.35,20.56,2.28,0.99,18.32
338,1991-03-01,7.3,119674.9140153168,372.28,12.11,20.94,135.0,8.11,800.66,26.05,278480.1,45.04,15663.94,17.82,21.1,1.82,1.01,18.09
339,1991-04-01,7.3,119900.0,379.68,12.13,20.36,135.2,8.04,815.37,26.05,284350.48,43.73,15250.51,18.16,21.48,1.73,1.0,18.27
340,1991-05-01,7.0,120002.68112439405,377.99,12.14,19.86,135.6,8.07,809.35,25.99,283005.16,42.52,14866.92,18.04,21.33,1.68,0.99,18.3
341,1991-06-01,7.0,120006.95785860567,378.29,12.15,19.41,136.0,8.28,807.61,25.94,283152.59,41.44,14528.51,18.02,21.29,1.42,1.01,18.11
342,1991-07-01,7.1,120000.0,380.23,12.19,18.84,136.2,8.27,810.56,25.99,284946.22,40.16,14118.79,18.1,21.38,1.3,1.03,18.22
343,1991-08-01,6.8,120042.48066742784,389.4,12.24,18.33,136.6,7.9,827.67,26.01,291725.69,38.96,13732.23,18.51,21.85,1.5,1.02,18.75
344,1991-09-01,7.4,120071.91969803767,387.2,12.28,17.82,137.2,7.65,819.4,25.99,289572.26,37.71,13326.9,18.36,21.66,1.74,1.01,19.12
345,1991-10-01,6.7,120000.0,386.88,12.25,17.2,137.4,7.53,817.53,25.89,289674.32,36.35,12880.88,18.35,21.64,1.86,1.01,19.37
346,1991-11-01,6.2,119777.51256229867,385.92,12.23,16.59,137.8,7.42,813.13,25.76,288877.44,34.95,12415.85,18.29,21.56,1.98,1.03,19.59
347,1991-12-01,6.2,119554.06911483937,388.51,12.2,15.97,137.9,7.09,818.0,25.69,291365.74,33.62,11976.81,18.44,21.73,2.24,1.01,20.15
348,1992-01-01,5.2,119500.0,416.08,12.24,16.05,138.1,7.03,874.78,25.73,312353.99,33.74,12046.36,19.77,23.29,1.92,0.98,20.33
349,1992-02-01,4.9,119728.8337615782,412.56,12.28,16.12,138.6,7.34,864.25,25.72,309359.67,33.78,12090.12,19.58,23.06,1.66,0.99,19.93
350,1992-03-01,6.1,119986.67452568651,407.36,12.32,16.19,139.3,7.54,849.07,25.68,304691.43,33.75,12109.57,19.28,22.7,1.6,1.01,19.68
351,1992-04-01,6.1,120000.0,407.41,12.32,16.48,139.5,7.48,847.95,25.64,305058.75,34.31,12342.3,19.3,22.71,1.63,1.01,19.85
352,1992-05-01,6.0,119617.00664426628,414.81,12.32,16.77,139.7,7.39,862.12,25.61,310922.67,34.85,12567.55,19.66,23.13,1.54,1.02,20.07
353,1992-06-01,5.6,119374.93173677757,408.27,12.32,17.05,140.2,7.26,845.5,25.51,305696.01,35.31,12766.35,19.32,22.72,1.67,1.04,20.31
354,1992-07-01,5.3,120000.0,415.05,12.34,17.38,140.5,6.84,857.71,25.51,310877.56,35.92,13017.83,19.62,23.07,1.98,1.02,21.0
355,1992-08-01,5.2,121952.47716933681,417.93,12.37,17.71,140.9,6.59,861.21,25.48,312915.76,36.49,13259.97,19.72,23.18,2.21,1.02,21.44
356,1992-09-01,5.0,124360.31356125232,418.48,12.4,18.04,141.3,6.42,859.9,25.48,313212.07,37.07,13502.07,19.71,23.16,2.39,0.99,21.76
357,1992-10-01,5.1,126000.0,412.5,12.39,18.39,141.8,6.59,844.62,25.36,308417.54,37.65,13749.81,19.37,22.76,2.31,0.99,21.54
358,1992-11-01,5.4,126187.18487411227,422.84,12.38,18.74,142.0,6.87,864.57,25.32,316473.73,38.32,14025.91,19.83,23.3,1.95,1.01,21.19
359,1992-12-01,5.0,125534.68006911268,435.64,12.39,19.09,141.9,6.77,891.37,25.35,327056.96,39.06,14331.83,20.45,24.02,1.93,1.02,21.48
360,1993-01-01,5.4,125000.0,435.23,12.41,19.34,142.6,6.6,886.16,25.27,325917.99,39.38,14482.58,20.32,23.87,2.16,1.03,21.76
361,1993-02-01,5.3,125352.14750190126,441.7,12.45,19.59,143.1,6.26,896.19,25.25,330381.29,39.75,14652.86,20.55,24.12,2.48,1.03,22.35
362,1993-03-01,5.4,126151.78444422649,450.16,12.48,19.84,143.6,5.98,910.18,25.23,336311.97,40.11,14822.35,20.86,24.48,2.72,1.01,22.85
363,1993-04-01,4.7,127000.0,443.08,12.49,19.67,144.0,5.97,893.38,25.19,330878.68,39.66,14688.96,20.46,24.01,2.78,1.0,22.92
364,1993-05-01,5.3,127343.8612822552,445.25,12.51,19.5,144.2,6.04,896.51,25.18,332815.23,39.26,14575.85,20.52,24.07,2.65,1.01,22.88
365,1993-06-01,5.2,127276.1665179347,448.06,12.52,19.33,144.4,5.96,900.91,25.17,335230.57,38.87,14462.36,20.61,24.18,2.69,1.02,23.1
366,1993-07-01,5.3,127000.0,447.29,12.52,19.69,144.4,5.81,899.37,25.17,335435.07,39.59,14766.07,20.56,24.12,2.81,1.01,23.48
367,1993-08-01,5.5,126708.40844915298,454.13,12.52,20.05,144.8,5.68,910.6,25.1,340404.05,40.2,15028.96,20.81,24.41,2.88,1.03,23.75
368,1993-09-01,4.9,126637.93207050634,459.24,12.52,20.41,145.1,5.36,918.94,25.05,344303.1,40.84,15301.86,20.99,24.61,3.12,1.01,24.4
369,1993-10-01,5.0,127000.0,463.9,12.54,20.9,145.7,5.33,924.44,24.99,347144.8,41.65,15639.85,21.11,24.74,3.14,0.97,24.46
370,1993-11-01,4.8,127931.52952942751,462.89,12.56,21.39,145.8,5.72,921.8,25.01,346934.12,42.6,16031.72,21.04,24.65,2.75,1.0,23.84
371,1993-12-01,4.5,129053.6348920693,465.95,12.58,21.89,145.8,5.77,927.89,25.05,350013.3,43.59,16443.38,21.16,24.78,2.66,1.01,23.86
372,1994-01-01,5.9,130000.0,472.99,12.62,22.16,146.2,5.75,939.33,25.07,355117.56,44.0,16635.09,21.41,25.06,2.6,0.99,23.94
373,1994-02-01,5.0,130389.47841598344,471.58,12.67,22.43,146.7,5.97,933.34,25.07,353642.0,44.4,16822.93,21.26,24.88,2.39,0.97,23.58
374,1994-03-01,4.8,130333.1306546059,463.81,12.71,22.71,147.2,6.48,914.84,25.07,347425.35,44.79,17011.34,20.83,24.36,2.0,0.97,22.75
375,1994-04-01,5.2,130000.0,447.23,12.75,23.54,147.4,6.97,880.94,25.12,335346.26,46.37,17650.99,20.06,23.44,1.66,0.99,22.04
376,1994-05-01,5.3,129603.10694366081,450.9,12.8,24.37,147.5,7.18,887.57,25.19,338667.99,47.97,18304.14,20.2,23.59,1.39,1.01,21.83
377,1994-06-01,6.2,129401.68831107114,454.83,12.84,25.2,148.0,7.1,892.28,25.19,341266.62,49.44,18907.98,20.29,23.69,1.45,0.99,22.01
378,1994-07-01,6.3,129700.0,451.4,12.87,25.91,148.4,7.3,883.17,25.18,338582.66,50.69,19434.37,20.07,23.42,1.29,1.01,21.77
379,1994-08-01,6.1,130645.7682990757,464.24,12.9,26.62,149.0,7.24,904.63,25.14,347614.46,51.87,19932.57,20.54,23.95,1.24,0.99,21.91
380,1994-09-01,6.0,131661.14731589283,466.96,12.92,27.33,149.4,7.46,907.49,25.11,349519.03,53.11,20456.47,20.58,23.98,0.99,0.99,21.64
381,1994-10-01,5.6,132000.0,463.81,13.01,28.42,149.5,7.74,900.77,25.27,347740.21,55.19,21307.81,20.4,23.75,0.73,0.99,21.34
382,1994-11-01,6.3,131260.94075375347,461.01,13.1,29.51,149.7,7.96,894.13,25.4,345996.31,57.24,22147.79,20.21,23.51,0.57,1.02,21.13
383,1994-12-01,6.6,130253.71874172872,455.19,13.17,30.6,149.7,7.81,882.85,25.54,342451.99,59.35,23021.22,19.91,23.15,0.79,1.01,21.49
384,1995-01-01,6.8,130000.0,465.25,13.18,31.25,150.3,7.78,898.76,25.46,349446.13,60.37,23471.66,20.22,23.49,0.77,1.03,21.59
385,1995-02-01,7.3,131239.52325975543,481.92,13.18,31.9,150.9,7.47,927.26,25.36,361349.29,61.38,23919.0,20.8,24.14,0.93,1.03,22.11
386,1995-03-01,6.8,132848.59742335504,493.15,13.17,32.55,151.4,7.2,945.73,25.26,369368.71,62.42,24379.91,21.15,24.53,1.12,1.02,22.59
387,1995-04-01,6.7,133900.0,507.91,13.24,33.18,151.9,7.06,970.83,25.31,379995.59,63.41,24821.33,21.64,25.07,1.14,1.04,22.88
388,1995-05-01,6.3,133366.1689542764,523.81,13.31,33.8,152.2,6.63,999.25,25.38,391946.79,64.49,25293.7,22.2,25.68,1.43,1.04,23.68
389,1995-06-01,5.8,132229.44814617012,539.35,13.36,34.43,152.5,6.17,1026.87,25.44,403612.28,65.55,25765.03,22.72,26.26,1.78,1.0,24.57
390,1995-07-01,5.6,132000.0,557.37,13.44,34.68,152.5,6.28,1061.18,25.59,417935.34,66.03,26004.27,23.38,26.99,1.53,0.99,24.5
391,1995-08-01,6.1,133652.5898831119,559.11,13.51,34.93,152.9,6.49,1061.71,25.65,418985.26,66.33,26175.81,23.28,26.86,1.34,1.03,24.19
392,1995-09-01,6.3,136179.98189732598,578.77,13.58,35.18,153.2,6.2,1096.89,25.74,433715.12,66.67,26362.97,23.95,27.59,1.51,1.02,24.79
393,1995-10-01,6.3,138000.0,582.92,13.65,34.77,153.7,6.04,1101.16,25.79,436253.63,65.69,26024.12,23.93,27.54,1.66,1.01,25.13
394,1995-11-01,6.8,138187.4689673714,595.53,13.72,34.37,153.6,5.93,1125.71,25.93,446837.26,64.96,25785.98,24.35,28.0,1.67,1.02,25.48
395,1995-12-01,6.4,137467.84370871983,614.57,13.79,33.96,153.5,5.71,1162.46,26.08,462286.53,64.24,25545.1,25.03,28.75,1.74,1.01,26.04
396,1996-01-01,6.4,137000.0,614.42,13.89,33.99,154.4,5.65,1155.4,26.13,460345.5,63.91,25464.05,24.76,28.42,1.87,0.99,26.13
397,1996-02-01,5.3,137684.20967481178,649.54,14.0,34.01,154.9,5.81,1217.5,26.24,485958.87,63.75,25447.34,25.98,29.78,1.59,0.97,25.86
398,1996-03-01,6.2,138882.8915649585,647.07,14.1,34.04,155.7,6.27,1206.64,26.29,482498.08,63.48,25382.47,25.63,29.36,1.28,0.99,24.98
399,1996-04-01,6.0,139900.0,647.17,14.16,34.33,156.3,6.51,1202.19,26.3,481596.46,63.77,25546.93,25.42,29.1,1.13,0.99,24.58
400,1996-05-01,5.9,140042.48277640968,661.23,14.21,34.62,156.6,6.74,1225.96,26.35,491996.4,64.19,25759.44,25.81,29.52,0.83,0.99,24.25
401,1996-06-01,6.0,139820.81546978132,668.5,14.27,34.91,156.7,6.91,1238.64,26.44,497972.56,64.68,26004.82,25.97,29.67,0.59,1.01,24.08
402,1996-07-01,5.7,140000.0,644.07,14.4,35.27,157.0,6.87,1191.1,26.63,479749.82,65.23,26274.1,24.86,28.38,0.82,1.02,24.24
403,1996-08-01,5.0,141125.53161405437,662.68,14.53,35.64,157.3,6.64,1223.18,26.82,493570.68,65.78,26542.57,25.41,28.99,0.96,0.99,24.74
404,1996-09-01,5.2,142741.02822436855,674.88,14.66,36.0,157.8,6.83,1241.75,26.97,501971.68,66.24,26776.58,25.68,29.27,0.72,1.03,24.46
405,1996-10-01,5.6,144100.0,701.46,14.74,36.91,158.3,6.53,1286.58,27.04,521004.51,67.7,27414.64,26.48,30.16,0.92,1.03,25.05
406,1996-11-01,5.2,144783.1235025463,735.67,14.82,37.82,158.6,6.2,1346.77,27.13,546295.73,69.24,28084.47,27.59,31.38,1.11,1.0,25.75
407,1996-12-01,5.0,144950.39166157448,743.25,14.9,38.73,158.6,6.3,1360.65,27.28,552846.55,70.9,28808.27,27.72,31.51,0.99,0.98,25.69
408,1997-01-01,4.7,145000.0,766.22,14.95,39.23,159.1,6.58,1398.29,27.29,569065.03,71.6,29138.24,28.33,32.17,0.6,1.02,25.23
409,1997-02-01,4.5,145224.74326846094,798.39,15.01,39.74,159.6,6.42,1452.43,27.3,592025.64,72.29,29465.73,29.27,33.19,0.64,0.99,25.58
410,1997-03-01,4.1,145521.01743848255,792.16,15.06,40.24,160.0,6.69,1437.5,27.33,586865.72,73.02,29811.5,28.8,32.64,0.4,0.99,25.15
411,1997-04-01,4.7,145800.0,763.93,15.09,40.34,160.2,6.89,1384.54,27.35,566175.83,73.12,29899.86,27.59,31.23,0.31,1.02,24.9
412,1997-05-01,4.6,145878.33747517428,833.09,15.13,40.45,160.1,6.71,1510.83,27.43,618753.26,73.35,30040.6,29.93,33.84,0.17,1.02,25.39
413,1997-06-01,4.4,145641.6870993226,876.29,15.16,40.55,160.3,6.49,1587.19,27.46,650963.91,73.45,30123.12,31.26,35.31,0.22,1.03,25.9
414,1997-07-01,4.4,145000.0,925.29,15.22,40.58,160.5,6.22,1673.85,27.53,687448.51,73.41,30149.1,32.77,36.97,0.33,1.0,26.53
415,1997-08-01,4.3,143982.04400303058,927.24,15.27,40.61,160.8,6.3,1674.25,27.58,688555.87,73.33,30156.44,32.59,36.73,0.23,1.01,26.46
416,1997-09-01,4.2,143406.68795472593,937.02,15.33,40.64,161.2,6.21,1687.71,27.61,695038.07,73.2,30144.87,32.67,36.78,0.29,1.02,26.71
417,1997-10-01,4.3,144200.0,951.16,15.39,40.33,161.6,6.03,1708.94,27.65,704728.85,72.47,29883.55,32.9,37.0,0.44,1.02,27.14
418,1997-11-01,3.9,146911.02755178534,938.92,15.44,40.03,161.5,5.88,1687.99,27.76,697044.9,71.96,29715.43,32.34,36.32,0.63,1.01,27.59
419,1997-12-01,4.4,150095.14412389105,962.37,15.5,39.72,161.3,5.81,1732.3,27.9,716299.93,71.5,29563.92,33.03,37.06,0.62,1.03,27.91
420,1998-01-01,4.0,152200.0,963.36,15.55,39.66,161.6,5.54,1730.86,27.94,716668.37,71.26,29504.1,32.86,36.83,0.9,1.0,28.57
421,1998-02-01,3.9,151903.4775380245,1023.74,15.6,39.6,161.9,5.57,1835.93,27.98,761140.71,71.02,29442.21,34.71,38.86,0.7,1.0,28.58
422,1998-03-01,4.1,150549.8612258404,1076.83,15.64,39.54,162.2,5.65,1927.57,28.0,800099.04,70.78,29378.75,36.3,40.58,0.47,1.01,28.49
423,1998-04-01,4.0,149500.0,1112.2,15.75,39.35,162.5,5.64,1987.21,28.14,825827.2,70.31,29218.04,37.28,41.63,0.37,1.0,28.59
424,1998-05-01,3.9,150109.8866718349,1108.42,15.85,39.16,162.8,5.65,1976.81,28.27,822482.8,69.84,29057.96,36.96,41.22,0.37,1.02,28.65
425,1998-06-01,3.8,151701.11600893817,1108.39,15.95,38.97,163.0,5.5,1974.33,28.41,822436.46,69.42,28916.13,36.8,40.99,0.5,1.01,29.08
426,1998-07-01,4.0,153000.0,1156.58,16.02,38.68,163.2,5.46,2057.64,28.49,858131.38,68.81,28696.41,38.26,42.56,0.41,1.01,29.26
427,1998-08-01,4.1,153232.84566227163,1074.62,16.08,38.38,163.4,5.34,1909.49,28.58,797337.97,68.2,28479.33,35.42,39.36,0.7,1.05,29.63
428,1998-09-01,4.1,152924.91228322434,1020.64,16.14,38.09,163.6,4.81,1811.36,28.64,757357.27,67.6,28264.36,33.53,37.21,1.34,1.03,30.96
429,1998-10-01,4.0,153000.0,1032.47,16.17,37.96,164.0,4.53,1827.88,28.62,765264.26,67.21,28138.31,33.77,37.44,1.59,0.98,31.7
430,1998-11-01,3.5,154108.2904246564,1144.43,16.18,37.84,164.0,4.83,2026.09,28.65,849248.32,66.99,28077.52,37.37,41.38,0.99,1.02,31.07
431,1998-12-01,3.8,155767.30221190743,1190.05,16.2,37.71,163.9,4.65,2108.15,28.7,884642.82,66.8,28032.34,38.82,42.93,1.05,1.0,31.66
432,1999-01-01,3.9,157400.0,1248.77,16.28,37.93,164.3,4.72,2206.78,28.78,927039.53,67.03,28160.27,40.58,44.81,0.84,0.98,31.53
433,1999-02-01,4.0,158393.9974298535,1246.58,16.37,38.16,164.5,5.0,2200.23,28.89,925299.9,67.35,28322.58,40.4,44.56,0.54,0.99,30.92
434,1999-03-01,4.1,158752.54766418692,1281.66,16.45,38.38,165.0,5.23,2255.29,28.95,949470.36,67.54,28432.4,41.36,45.55,0.23,1.01,30.41
435,1999-04-01,3.9,158700.0,1334.76,16.45,39.26,166.2,5.18,2331.77,28.74,982676.32,68.59,28903.98,42.7,46.97,0.21,0.98,30.44
436,1999-05-01,4.0,158409.50457434944,1332.07,16.45,40.14,166.2,5.54,2327.07,28.74,981705.13,70.12,29582.26,42.56,46.75,-0.2,0.98,29.74
437,1999-06-01,3.9,158360.259278258,1322.55,16.45,41.02,166.2,5.9,2310.44,28.74,975699.38,71.66,30262.14,42.18,46.27,-0.57,1.01,29.07
438,1999-07-01,4.0,159100.0,1380.99,16.51,42.0,166.7,5.79,2405.3,28.76,1016769.3,73.15,30922.97,43.83,48.01,-0.54,0.99,29.37
439,1999-08-01,4.0,160998.46796067624,1327.49,16.58,42.98,167.1,5.94,2306.58,28.8,976054.33,74.68,31601.61,41.93,45.87,-0.58,1.01,29.11
440,1999-09-01,4.5,163384.62624761282,1318.17,16.64,43.96,167.9,5.92,2279.48,28.78,965598.39,76.02,32202.0,41.32,45.15,-0.51,0.99,29.16
441,1999-10-01,4.2,165300.0,1300.01,16.66,45.36,168.2,6.11,2244.06,28.75,951612.13,78.31,33206.13,40.55,44.26,-0.68,1.01,28.84
442,1999-11-01,4.3,166187.34532350607,1391.0,16.67,46.77,168.3,6.03,2399.7,28.76,1018628.62,80.68,34247.21,43.21,47.09,-0.77,0.99,29.14
443,1999-12-01,4.3,166090.5459989486,1428.68,16.69,48.17,168.3,6.28,2464.71,28.79,1047240.17,83.1,35309.21,44.2,48.11,-1.09,0.98,28.75
444,2000-01-01,4.3,165300.0,1425.59,16.71,49.1,168.8,6.66,2452.09,28.75,1042897.76,84.45,35916.92,43.77,47.59,-1.52,1.02,28.03
445,2000-02-01,4.3,164164.78621385567,1388.87,16.74,50.02,169.8,6.52,2374.86,28.62,1011065.64,85.54,36415.84,42.19,45.81,-1.28,1.02,28.3
446,2000-03-01,4.3,163303.7482758942,1442.21,16.76,50.95,171.2,6.26,2445.9,28.42,1042318.77,86.41,36822.75,43.22,46.88,-1.05,1.03,28.76
447,2000-04-01,4.4,163200.0,1461.36,16.74,51.27,171.3,5.99,2476.93,28.37,1056549.98,86.91,37070.15,43.53,47.16,-0.81,0.97,29.47
448,2000-05-01,4.4,164311.90009760662,1418.48,16.72,51.6,171.5,6.44,2401.45,28.31,1025358.35,87.35,37297.02,41.97,45.41,-1.18,1.03,28.62
449,2000-06-01,4.8,166389.1105901311,1461.96,16.7,51.92,172.4,6.1,2462.14,28.13,1052272.02,87.44,37370.35,42.78,46.25,-0.89,1.01,29.34
450,2000-07-01,4.1,168800.0,1473.0,16.58,52.51,172.8,6.05,2474.99,27.86,1058756.43,88.23,37745.3,42.76,46.17,-0.86,1.02,29.53
451,2000-08-01,4.4,171162.75902315349,1485.46,16.47,53.11,172.8,5.83,2495.93,27.67,1068698.69,89.23,38207.04,42.87,46.24,-0.74,1.01,30.16
452,2000-09-01,4.0,172746.44790246733,1468.05,16.35,53.7,173.7,5.8,2453.89,27.33,1051676.01,89.76,38469.4,41.9,45.15,-0.68,1.01,30.22
453,2000-10-01,4.0,172900.0,1390.14,16.32,52.47,174.0,5.74,2319.66,27.24,995118.93,87.55,37557.78,39.37,42.38,-0.52,1.01,30.45
454,2000-11-01,4.2,171408.27680247958,1378.04,16.3,51.23,174.1,5.72,2298.14,27.18,986862.24,85.44,36689.97,38.78,41.71,-0.47,1.04,30.63
455,2000-12-01,3.6,169782.06703416578,1330.93,16.27,50.0,174.0,5.24,2220.86,27.15,954644.43,83.43,35863.81,37.27,40.06,0.1,1.01,31.93
456,2001-01-01,3.8,169800.0,1335.63,16.17,48.48,175.1,5.16,2214.7,26.81,952957.71,80.39,34589.96,36.98,39.71,0.21,1.01,32.06
457,2001-02-01,3.7,172710.94224701248,1305.75,16.07,46.96,175.8,5.1,2156.53,26.54,928880.73,77.56,33406.27,35.83,38.46,0.38,1.02,32.22
458,2001-03-01,3.8,176315.91341890482,1185.85,15.97,45.44,176.2,4.89,1954.06,26.32,842616.12,74.88,32287.79,32.33,34.68,0.9,0.98,32.81
459,2001-04-01,3.9,179000.0,1189.84,15.88,42.56,176.9,5.14,1952.88,26.06,843042.15,69.85,30152.85,32.17,34.5,0.69,0.99,32.18
460,2001-05-01,4.0,178558.8032223271,1270.37,15.78,39.67,177.7,5.39,2075.66,25.79,896975.9,64.82,28012.33,34.07,36.52,0.29,1.01,31.56
461,2001-06-01,4.2,175833.22750536658,1238.71,15.69,36.79,178.0,5.28,2020.52,25.59,874069.13,60.01,25960.07,33.07,35.43,0.47,1.01,31.92
462,2001-07-01,4.2,172500.0,1204.45,15.71,33.96,177.5,5.24,1970.17,25.69,853214.56,55.56,24059.12,32.16,34.45,0.55,1.03,32.24
463,2001-08-01,4.4,169814.62249116527,1178.5,15.72,31.14,177.5,4.97,1927.73,25.72,835760.15,50.93,22081.28,31.4,33.63,0.87,1.02,33.07
464,2001-09-01,4.4,169036.98235642238,1044.64,15.74,28.31,178.3,4.73,1701.1,25.63,738432.33,46.1,20011.7,27.67,29.63,1.54,1.02,33.68
465,2001-10-01,4.3,171100.0,1076.59,15.74,27.1,177.7,4.57,1759.05,25.72,764516.93,44.28,19246.84,28.58,30.61,1.53,1.0,34.36
466,2001-11-01,4.1,176555.245159701,1129.68,15.74,25.9,177.4,4.65,1848.91,25.76,804507.29,42.38,18442.44,30.01,32.14,1.24,0.97,34.33
467,2001-12-01,3.8,183137.08586903557,1144.93,15.74,24.69,176.7,5.09,1881.29,25.86,819535.56,40.57,17672.99,30.5,32.68,0.7,1.01,33.42
468,2002-01-01,4.2,188700.0,1140.21,15.74,24.69,177.1,5.04,1869.31,25.8,815250.19,40.48,17655.73,30.28,32.45,0.78,1.01,33.61
469,2002-02-01,4.0,190945.15924041264,1100.67,15.73,24.7,177.8,4.91,1797.38,25.69,784814.5,40.33,17609.55,29.09,31.18,1.05,0.98,33.96
470,2002-03-01,4.1,190261.8391508601,1153.79,15.73,24.7,178.8,5.28,1873.59,25.54,819019.1,40.11,17533.32,30.29,32.48,0.55,1.01,32.95
471,2002-04-01,4.3,187200.0,1111.93,15.83,25.38,179.8,5.21,1795.57,25.57,785846.22,40.98,17937.08,29.01,31.1,0.81,1.01,33.09
472,2002-05-01,4.0,182862.84618121723,1079.25,15.94,26.06,179.8,5.16,1742.8,25.73,763688.53,42.08,18440.33,28.13,30.17,0.95,1.02,33.36
473,2002-06-01,4.2,179008.20870765907,1014.02,16.04,26.74,179.9,4.93,1636.55,25.89,718077.56,43.16,18935.91,26.39,28.32,1.38,1.03,34.08
474,2002-07-01,4.2,178100.0,903.59,15.96,27.84,180.1,4.65,1456.71,25.73,640106.85,44.88,19721.97,23.46,25.19,2.13,1.04,34.94
475,2002-08-01,4.0,181425.8145362639,912.55,15.88,28.94,180.7,4.26,1466.27,25.52,645241.99,46.5,20462.77,23.59,25.34,2.5,1.04,36.06
476,2002-09-01,3.9,186593.2752911203,867.81,15.8,30.04,181.0,3.87,1392.07,25.35,613519.83,48.19,21237.52,22.37,24.03,3.11,1.0,37.28
477,2002-10-01,4.0,190100.0,854.63,15.89,29.22,181.3,3.94,1368.66,25.45,604136.73,46.8,20657.93,21.96,23.61,3.1,0.99,37.12
478,2002-11-01,4.0,189867.6187751111,909.93,15.98,28.41,181.3,4.05,1457.22,25.59,644169.57,45.49,20110.02,23.35,25.11,2.71,1.01,36.91
479,2002-12-01,4.0,187624.8450303305,899.18,16.07,27.59,180.9,4.03,1443.19,25.79,638916.97,44.28,19604.22,23.1,24.86,2.76,1.0,37.18
480,2003-01-01,4.0,186000.0,895.84,16.12,28.5,181.7,4.05,1431.5,25.76,634691.41,45.54,20191.89,22.9,24.65,2.77,1.02,37.08
481,2003-02-01,4.5,187102.0999679359,837.03,16.17,29.41,183.1,3.9,1327.29,25.64,589438.32,46.64,20710.59,21.21,22.85,3.31,1.01,37.37
482,2003-03-01,4.1,189476.13043066722,846.63,16.22,30.32,184.2,3.81,1334.5,25.57,593584.46,47.79,21257.79,21.31,22.97,3.4,0.99,37.55
483,2003-04-01,4.1,191800.0,890.03,16.2,31.73,183.8,3.96,1405.96,25.6,626319.61,50.12,22328.6,22.43,24.19,2.97,1.04,37.29
484,2003-05-01,3.9,192417.42174766032,935.96,16.19,33.14,183.5,3.57,1480.93,25.61,660668.4,52.44,23392.61,23.59,25.45,3.11,1.02,38.69
485,2003-06-01,3.5,192053.63097979646,988.0,16.17,34.55,183.7,3.33,1561.57,25.56,697592.85,54.61,24394.57,24.83,26.8,3.13,0.95,39.54
486,2003-07-01,3.6,191900.0,992.54,16.31,35.89,183.9,3.98,1567.04,25.75,700994.86,56.67,25350.15,24.87,26.84,2.49,0.97,37.51
487,2003-08-01,3.5,192943.71214057112,989.53,16.45,37.24,184.6,4.45,1556.37,25.87,697183.4,58.57,26235.47,24.64,26.61,2.07,1.02,36.08
488,2003-09-01,3.8,195322.29310227855,1019.44,16.59,38.58,185.2,4.27,1598.21,26.01,716900.73,60.48,27130.61,25.24,27.26,2.16,1.0,36.62
489,2003-10-01,3.8,198800.0,1038.73,16.86,41.97,185.0,4.29,1630.22,26.46,732244.64,65.86,29584.08,25.68,27.74,2.02,1.0,36.73
490,2003-11-01,4.1,203393.970699243,1049.9,17.12,45.35,184.5,4.3,1652.21,26.95,743133.22,71.37,32101.69,25.95,28.03,1.94,1.01,36.93
491,2003-12-01,4.0,208177.2950264891,1080.64,17.39,48.74,184.3,4.27,1702.43,27.4,766748.31,76.78,34582.57,26.64,28.78,1.86,1.01,37.2
492,2004-01-01,3.8,212700.0,1132.52,17.6,49.83,185.2,4.15,1775.49,27.59,800689.42,78.12,35227.36,27.66,29.88,1.86,1.01,37.51
493,2004-02-01,3.7,216077.0212772727,1143.36,17.81,50.91,186.2,4.08,1782.86,27.77,805055.63,79.39,35848.78,27.65,29.87,1.95,1.02,37.65
494,2004-03-01,3.6,217766.40756994928,1123.98,18.02,52.0,187.4,3.83,1741.42,27.92,787392.75,80.57,36428.07,26.89,29.04,2.33,0.96,38.3
495,2004-04-01,4.0,217600.0,1133.36,18.21,53.38,188.0,4.35,1750.35,28.13,792489.76,82.44,37327.72,26.9,29.06,1.83,0.97,36.71
496,2004-05-01,3.8,215540.03421565468,1102.78,18.41,54.77,189.1,4.72,1693.21,28.26,767687.79,84.09,38125.19,25.9,27.98,1.66,1.0,35.56
497,2004-06-01,3.9,213363.76643399024,1132.76,18.6,56.15,189.7,4.73,1733.74,28.47,787139.5,85.94,39017.87,26.4,28.52,1.57,1.02,35.56
498,2004-07-01,4.5,213500.0,1105.85,18.79,56.69,189.4,4.5,1695.24,28.8,770746.89,86.9,39511.36,25.7,27.76,1.86,1.02,36.41
499,2004-08-01,4.3,217492.9882554537,1088.94,18.97,57.23,189.5,4.28,1668.43,29.07,759661.99,87.69,39924.56,25.17,27.19,2.13,1.02,37.17
500,2004-09-01,4.1,223539.87908476786,1117.66,19.16,57.77,189.9,4.13,1708.83,29.29,779166.7,88.33,40273.84,25.67,27.73,2.19,1.01,37.68
501,2004-10-01,3.9,228800.0,1117.21,19.25,58.03,190.9,4.1,1699.2,29.28,775885.75,88.26,40300.97,25.41,27.45,2.31,1.0,37.7
502,2004-11-01,4.3,231645.10027916086,1168.94,19.35,58.29,191.0,4.19,1776.94,29.41,812505.51,88.61,40516.15,26.47,28.58,2.05,1.0,37.54
503,2004-12-01,4.1,232457.2159801031,1199.21,19.44,58.55,190.3,4.23,1829.66,29.66,837741.84,89.33,40901.75,27.14,29.31,1.88,1.0,37.68
504,2005-01-01,4.4,232500.0,1181.41,19.7,59.11,190.7,4.22,1798.72,30.0,824720.66,89.99,41261.28,26.59,28.71,1.95,1.01,37.77
505,2005-02-01,4.3,232729.82710557163,1199.63,19.97,59.66,191.8,4.17,1815.99,30.23,833791.74,90.32,41468.45,26.74,28.87,2.0,0.98,37.83
506,2005-03-01,4.1,233153.26685626272,1194.9,20.23,60.22,193.3,4.5,1794.79,30.39,825222.15,90.45,41589.15,26.34,28.43,1.77,1.02,36.68
507,2005-04-01,4.3,233700.0,1164.43,20.46,61.23,194.6,4.34,1737.34,30.53,799976.57,91.36,42067.99,25.41,27.43,2.1,1.02,37.04
508,2005-05-01,4.2,234226.44192125468,1178.28,20.7,62.25,194.4,4.14,1759.81,30.91,811510.61,92.97,42870.82,25.65,27.69,2.24,1.01,37.82
509,2005-06-01,4.3,235031.6475814982,1202.25,20.93,63.26,194.5,4.0,1794.69,31.24,828794.26,94.43,43609.5,26.07,28.14,2.3,0.99,38.36
510,2005-07-01,4.2,236400.0,1222.24,21.11,64.33,195.4,4.18,1816.13,31.37,839901.03,95.59,44206.4,26.29,28.37,2.13,1.0,37.75
511,2005-08-01,4.5,238619.54437834394,1224.27,21.29,65.4,196.4,4.26,1809.88,31.47,838225.39,96.68,44777.66,26.1,28.17,2.11,1.01,37.45
512,2005-09-01,4.7,241234.90799886553,1225.92,21.47,66.47,198.8,4.2,1790.44,31.36,830432.25,97.08,45026.46,25.73,27.76,2.33,0.98,37.31
513,2005-10-01,4.5,243600.0,1191.96,21.72,67.59,199.2,4.46,1737.35,31.66,807030.2,98.52,45762.59,24.88,26.84,2.19,1.0,36.59
514,2005-11-01,5.0,245440.23914730435,1237.37,21.97,68.71,197.6,4.54,1818.14,32.28,845808.79,100.96,46966.97,25.93,27.98,1.87,1.01,36.79
515,2005-12-01,4.9,246711.99246703283,1262.07,22.22,69.83,196.8,4.47,1861.97,32.78,867470.3,103.02,47996.9,26.44,28.53,1.83,1.01,37.28
516,2006-01-01,5.3,247700.0,1278.73,22.41,70.78,198.3,4.42,1872.28,32.81,873546.66,103.63,48350.1,26.47,28.55,1.89,0.99,37.29
517,2006-02-01,6.1,248386.77900846157,1276.65,22.59,71.72,198.7,4.57,1865.47,33.01,871653.68,104.8,48970.28,26.25,28.31,1.76,0.99,36.91
518,2006-03-01,5.9,248193.4391706926,1293.74,22.78,72.67,199.8,4.72,1880.03,33.1,879748.0,105.6,49415.87,26.33,28.4,1.6,0.98,36.41
519,2006-04-01,6.3,246300.0,1302.17,23.0,73.28,201.5,4.99,1876.32,33.14,879302.22,105.59,49480.74,26.15,28.2,1.41,0.99,35.48
520,2006-05-01,6.2,242478.02145917862,1290.01,23.22,73.88,202.5,5.11,1849.62,33.29,868089.56,105.93,49718.49,25.65,27.66,1.39,1.0,35.12
521,2006-06-01,6.3,238127.38453002748,1253.17,23.44,74.49,202.9,5.11,1793.26,33.54,842948.11,106.59,50105.9,24.75,26.69,1.55,1.01,35.2
522,2006-07-01,7.3,235600.0,1260.24,23.66,75.85,203.5,5.09,1798.06,33.76,846526.73,108.22,50949.86,24.7,26.63,1.59,1.02,35.3
523,2006-08-01,6.7,236351.8638728647,1287.15,23.88,77.21,203.9,4.88,1832.85,34.0,864240.65,109.94,51841.68,25.05,27.02,1.74,1.02,35.96
524,2006-09-01,6.7,240025.56638171407,1317.74,24.1,78.57,202.9,4.72,1885.65,34.49,890495.7,112.43,53095.64,25.64,27.66,1.73,1.0,36.75
525,2006-10-01,7.3,245400.0,1363.38,24.36,79.55,201.8,4.73,1961.6,35.05,927739.53,114.45,54131.41,26.54,28.62,1.5,1.01,37.06
526,2006-11-01,6.6,251617.2400945625,1388.64,24.62,80.53,201.5,4.6,2000.92,35.48,947733.23,116.04,54960.94,26.93,29.03,1.54,1.01,37.65
527,2006-12-01,6.5,256278.64242043952,1416.42,24.88,81.51,201.8,4.56,2037.91,35.8,966668.63,117.27,55628.39,27.28,29.41,1.54,0.99,37.86
528,2007-01-01,7.2,257400.0,1424.16,25.08,82.06,202.42,4.76,2042.81,35.98,970415.31,117.7,55912.99,27.21,29.33,1.35,1.01,37.29
529,2007-02-01,7.9,253430.85171707722,1444.8,25.29,82.6,203.5,4.72,2061.39,36.08,980668.21,117.86,56067.6,27.32,29.44,1.4,1.02,37.35
530,2007-03-01,7.9,247654.46344675423,1406.95,25.49,83.15,205.35,4.56,1989.27,36.04,947788.78,117.56,56013.81,26.23,28.26,1.78,0.99,37.63
531,2007-04-01,7.4,242200.0,1463.64,25.72,83.74,206.69,4.69,2056.07,36.13,981048.48,117.63,56129.24,26.98,29.07,1.6,1.0,37.15
532,2007-05-01,7.8,240333.18022171364,1511.14,25.94,84.33,207.95,4.75,2109.9,36.22,1008175.21,117.74,56261.77,27.55,29.68,1.53,0.98,36.89
533,2007-06-01,8.2,240856.76534044364,1514.19,26.17,84.92,208.35,5.1,2110.07,36.47,1009708.24,118.34,56627.26,27.42,29.53,1.2,1.01,35.97
534,2007-07-01,8.3,241800.0,1520.71,26.44,82.81,208.3,5.0,2119.7,36.85,1015783.61,115.43,55316.55,27.41,29.52,1.29,1.03,36.41
535,2007-08-01,9.2,241619.8748797634,1454.62,26.71,80.71,207.92,4.67,2031.3,37.3,974912.37,112.7,54091.05,26.15,28.16,1.76,1.02,37.58
536,2007-09-01,9.2,240313.07463829053,1497.12,26.98,78.6,208.49,4.52,2084.9,37.57,1002141.7,109.46,52613.24,26.73,28.78,1.83,1.0,38.07
537,2007-10-01,8.5,238400.0,1539.66,27.23,74.46,208.94,4.53,2139.57,37.84,1029932.82,103.47,49808.92,27.32,29.42,1.73,1.03,38.1
538,2007-11-01,9.4,236231.14846431062,1463.39,27.48,70.32,210.18,4.15,2021.57,37.96,974655.91,97.14,46834.95,25.73,27.71,2.41,1.01,39.19
539,2007-12-01,9.6,234547.27760728615,1479.22,27.73,66.18,210.04,4.1,2044.81,38.33,987400.59,91.48,44176.1,25.96,27.96,2.43,1.03,39.51
540,2008-01-01,9.3,233900.0,1378.76,27.92,64.25,211.08,3.74,1896.51,38.4,917335.49,88.38,42747.69,24.02,25.89,3.13,1.0,40.62
541,2008-02-01,9.7,234662.1924169841,1354.87,28.11,62.32,211.69,3.74,1858.26,38.55,900384.39,85.47,41415.01,23.5,25.33,3.23,1.02,40.63
542,2008-03-01,10.5,235586.57859116638,1316.94,28.3,60.39,213.53,3.51,1790.71,38.48,869210.6,82.12,39858.78,22.61,24.38,3.7,0.99,41.18
543,2008-04-01,10.3,235300.0,1370.47,28.44,57.38,214.82,3.68,1852.26,38.43,900643.49,77.56,37711.1,23.36,25.2,3.43,0.99,40.48
544,2008-05-01,10.7,232824.40263730192,1403.22,28.57,54.38,216.63,3.88,1880.69,38.3,916017.23,72.88,35496.9,23.7,25.58,3.24,0.99,39.6
545,2008-06-01,10.7,229236.29740969744,1341.25,28.71,51.37,218.82,4.1,1779.7,38.1,868374.63,68.16,33258.83,22.42,24.22,3.35,1.01,38.63
546,2008-07-01,10.5,226500.0,1257.33,28.76,49.56,219.96,4.01,1659.63,37.96,811332.92,65.42,31982.35,20.91,22.6,3.8,1.01,38.84
547,2008-08-01,11.3,225560.8385735089,1281.47,28.8,47.76,219.09,3.89,1698.28,38.17,831779.0,63.29,30997.99,21.4,23.16,3.76,1.02,39.51
548,2008-09-01,10.9,224939.86470381138,1216.95,28.85,45.95,218.78,3.69,1615.0,38.29,792556.85,60.98,29925.62,20.36,22.05,4.17,0.99,40.35
549,2008-10-01,11.6,222500.0,968.8,28.7,35.59,216.57,3.81,1298.81,38.47,638957.21,47.72,23475.04,16.39,17.77,5.11,1.03,40.49
550,2008-11-01,11.4,216871.99042577707,883.04,28.54,25.24,212.43,3.53,1206.95,39.01,595367.3,34.49,17015.18,15.26,16.58,5.64,1.1,42.37
551,2008-12-01,11.2,211063.01383454396,877.56,28.39,14.88,210.23,2.42,1211.99,39.21,599467.63,20.55,10164.64,15.38,16.73,6.6,0.99,47.13
552,2009-01-01,12.2,208400.0,865.58,28.01,12.21,211.14,2.52,1190.27,38.52,590309.41,16.79,8324.72,15.17,16.55,6.61,0.97,46.61
553,2009-02-01,10.5,211521.1360480862,805.23,27.64,9.53,212.19,2.87,1101.8,37.82,547997.32,13.04,6487.89,14.12,15.43,6.79,1.01,45.08
554,2009-03-01,11.0,216714.6332474288,757.13,27.26,6.86,212.71,2.82,1033.47,37.21,515555.26,9.36,4671.2,13.32,14.59,7.26,0.99,45.27
555,2009-04-01,10.7,220900.0,848.15,26.7,7.08,213.24,2.93,1154.83,36.36,577607.18,9.64,4819.35,14.98,16.44,6.27,0.97,44.83
556,2009-05-01,9.3,220411.27301585316,902.41,26.15,7.29,213.86,3.29,1225.17,35.5,614268.72,9.9,4964.56,16.0,17.59,5.51,0.97,43.45
557,2009-06-01,8.5,217118.94933270567,926.12,25.59,7.51,215.69,3.72,1246.65,34.45,626478.28,10.11,5080.18,16.38,18.04,5.02,1.02,41.67
558,2009-07-01,7.9,214300.0,935.82,25.03,9.19,215.35,3.56,1261.71,33.74,635458.25,12.39,6238.1,16.69,18.41,5.02,1.0,42.42
559,2009-08-01,7.5,214189.46050626662,1009.73,24.46,10.86,215.83,3.59,1358.31,32.91,685492.86,14.61,7374.98,18.09,19.98,4.53,1.02,42.35
560,2009-09-01,7.8,216260.43612318192,1044.55,23.9,12.54,215.97,3.4,1404.28,32.13,710039.71,16.86,8524.15,18.83,20.82,4.46,1.0,43.12
561,2009-10-01,7.4,219000.0,1067.66,23.4,25.35,216.18,3.39,1433.96,31.43,726375.03,34.05,17246.7,19.36,21.42,4.32,1.0,43.24
562,2009-11-01,7.6,221380.3820543901,1088.07,22.91,38.16,216.33,3.4,1460.34,30.74,741035.06,51.22,25989.04,19.81,21.94,4.19,0.99,43.29
563,2009-12-01,8.0,222762.67084654834,1110.38,22.41,50.97,215.95,3.59,1492.91,30.13,758837.72,68.53,34833.08,20.32,22.51,3.85,0.99,42.81
564,2010-01-01,8.1,222900.0,1123.58,22.24,54.29,216.69,3.73,1505.52,29.8,766505.71,72.74,37036.61,20.53,22.74,3.67,1.01,42.29
565,2010-02-01,8.3,221660.05266487377,1089.16,22.07,57.61,216.74,3.69,1459.03,29.56,744093.65,77.17,39358.07,19.92,22.07,3.8,1.0,42.55
566,2010-03-01,7.1,220221.75775822677,1152.05,21.9,60.93,217.63,3.73,1536.97,29.22,785081.95,81.29,41521.67,21.0,23.27,3.46,0.99,42.37
567,2010-04-01,6.2,219500.0,1197.32,21.95,62.99,218.01,3.85,1594.59,29.23,815761.32,83.89,42914.25,21.8,24.15,3.18,1.04,42.01
568,2010-05-01,9.3,220492.53876625915,1125.06,21.99,65.04,218.18,3.42,1497.2,29.27,767182.93,86.56,44353.31,20.48,22.68,3.9,1.02,43.63
569,2010-06-01,8.3,222461.93673621328,1083.36,22.04,67.1,217.97,3.2,1443.11,29.36,740723.11,89.38,45878.12,19.74,21.86,4.24,1.02,44.61
570,2010-07-01,8.9,224100.0,1079.8,22.14,68.69,218.01,3.01,1438.07,29.49,739394.66,91.48,47033.3,19.67,21.77,4.43,1.03,45.45
571,2010-08-01,8.8,224624.18692945276,1087.28,22.25,70.27,218.31,2.7,1446.03,29.59,744757.8,93.46,48135.36,19.77,21.88,4.72,1.01,46.72
572,2010-09-01,7.6,224426.12594866383,1122.08,22.35,71.86,218.44,2.65,1491.45,29.71,769423.03,95.51,49275.22,20.38,22.55,4.57,1.01,47.0
573,2010-10-01,8.2,224300.0,1171.58,22.48,73.69,218.71,2.54,1555.31,29.84,803649.42,97.83,50547.91,21.24,23.49,4.48,0.98,47.5
574,2010-11-01,8.2,224822.3441926602,1198.89,22.6,75.52,218.8,2.76,1590.89,29.99,823328.55,100.21,51862.78,21.7,23.99,4.16,0.96,46.67
575,2010-12-01,7.0,225788.24587381794,1241.53,22.73,77.35,219.18,3.29,1644.65,30.11,852447.17,102.47,53109.3,22.4,24.75,3.51,0.99,44.61
576,2011-01-01,7.3,226900.0,1282.62,22.96,78.67,220.22,3.39,1691.02,30.28,877792.75,103.72,53839.76,22.98,25.38,3.28,0.99,44.15
577,2011-02-01,8.1,227788.2914402613,1321.12,23.2,79.99,221.31,3.58,1733.24,30.43,901020.85,104.94,54554.21,23.49,25.93,3.01,1.02,43.36
578,2011-03-01,7.2,228215.93685753143,1304.49,23.43,81.31,223.47,3.41,1694.89,30.44,882406.2,105.64,55001.15,22.9,25.27,3.36,1.0,43.69
579,2011-04-01,6.7,228100.0,1331.51,23.73,82.16,224.91,3.46,1718.93,30.64,896250.05,106.07,55304.8,23.14,25.53,3.29,1.03,43.35
580,2011-05-01,6.6,227265.691930387,1338.31,24.04,83.02,225.96,3.17,1719.62,30.89,897951.33,106.67,55700.79,23.06,25.42,3.6,1.02,44.33
581,2011-06-01,6.6,225677.46322224665,1287.29,24.34,83.87,225.72,3.0,1655.83,31.31,866007.39,107.88,56422.44,22.1,24.36,3.93,1.0,45.14
582,2011-07-01,6.7,223500.0,1325.19,24.62,84.91,225.92,3.0,1703.08,31.64,892093.91,109.12,57157.63,22.61,24.92,3.86,1.06,45.22
583,2011-08-01,6.5,220939.608117064,1185.31,24.9,85.94,226.55,2.3,1519.12,31.91,797127.93,110.15,57797.4,20.05,22.09,5.16,1.03,48.0
584,2011-09-01,6.3,219577.46660212008,1173.88,25.18,86.98,226.89,1.98,1502.19,32.22,789653.27,111.31,58510.27,19.7,21.71,5.54,0.99,49.4
585,2011-10-01,6.0,221100.0,1207.22,25.6,86.97,226.42,2.15,1548.05,32.82,815197.01,111.52,58728.06,20.16,22.21,5.26,1.01,48.83
586,2011-11-01,5.7,226523.27337772626,1226.42,26.01,86.96,226.23,2.01,1574.0,33.39,830326.42,111.61,58874.76,20.35,22.42,5.37,1.0,49.58
587,2011-12-01,5.3,233205.0828923352,1243.32,26.43,86.95,225.67,1.98,1599.63,34.0,845344.49,111.87,59118.09,20.52,22.62,5.37,1.0,49.92
588,2012-01-01,5.3,238400.0,1300.58,26.74,87.48,226.67,1.97,1665.97,34.25,881910.38,112.06,59319.32,21.21,23.39,5.24,1.0,49.82
589,2012-02-01,4.8,239637.64341201598,1352.49,27.04,88.01,227.66,1.97,1724.87,34.49,914611.18,112.24,59516.1,21.8,24.03,5.12,0.98,49.69
590,2012-03-01,4.9,238857.41562516417,1389.24,27.35,88.54,229.39,2.17,1758.38,34.62,933911.71,112.07,59520.7,22.05,24.32,4.89,1.01,48.52
591,2012-04-01,4.9,238700.0,1386.43,27.67,88.33,230.09,2.05,1749.54,34.92,930761.12,111.47,59301.39,21.78,24.02,5.04,1.02,48.98
592,2012-05-01,4.7,241151.53476271534,1341.27,28.0,88.13,229.82,1.8,1694.54,35.37,903069.56,111.34,59335.19,20.94,23.1,5.46,1.02,50.23
593,2012-06-01,4.8,245230.66871447174,1323.48,28.32,87.92,229.48,1.62,1674.52,35.83,893991.57,111.24,59388.69,20.55,22.67,5.71,1.01,51.21
594,2012-07-01,4.6,248800.0,1359.78,28.74,87.45,229.1,1.53,1723.26,36.43,921631.73,110.82,59269.6,21.0,23.17,5.67,0.99,51.79
595,2012-08-01,4.6,250655.8893170959,1403.45,29.17,86.97,230.38,1.68,1768.76,36.76,947604.2,109.61,58724.07,21.41,23.63,5.45,1.0,50.86
596,2012-09-01,4.5,251259.17734994466,1443.42,29.59,86.5,231.41,1.72,1811.05,37.13,971919.81,108.53,58244.35,21.78,24.04,5.36,1.0,50.52
597,2012-10-01,4.9,251700.0,1437.82,30.14,86.5,231.32,1.75,1804.73,37.84,970217.82,108.58,58371.06,21.58,23.82,5.35,1.01,50.47
598,2012-11-01,4.6,252922.3152626561,1394.51,30.7,86.51,230.22,1.65,1758.7,38.71,947207.01,109.1,58758.79,20.9,23.07,5.55,0.99,51.25
599,2012-12-01,4.5,255080.5524983215,1422.29,31.25,86.51,229.6,1.72,1798.58,39.52,970458.66,109.4,59027.61,21.24,23.46,5.4,0.98,51.13
600,2013-01-01,4.0,258400.0,1480.4,31.54,86.91,230.28,1.91,1866.54,39.76,1008917.85,109.57,59228.38,21.9,24.19,5.05,1.0,50.18
601,2013-02-01,4.1,262625.4767540342,1512.31,31.82,87.3,232.17,1.98,1891.28,39.8,1024085.12,109.18,59118.86,22.05,24.37,4.96,1.0,49.54
602,2013-03-01,4.2,266109.60076493333,1550.83,32.11,87.7,232.77,1.96,1934.4,40.05,1049238.3,109.39,59334.81,22.42,24.78,4.87,1.02,49.58
603,2013-04-01,4.4,268100.0,1570.7,32.5,88.78,232.53,1.76,1961.22,40.58,1065621.7,110.86,60233.94,22.6,24.98,5.05,0.99,50.62
604,2013-05-01,4.6,267292.98153374647,1639.84,32.88,89.87,232.95,1.93,2043.91,40.99,1112407.43,112.01,60962.26,23.41,25.88,4.76,0.97,49.83
605,2013-06-01,4.1,265378.2053745318,1618.77,33.27,90.95,233.5,2.3,2012.82,41.37,1097361.73,113.09,61654.87,22.93,25.35,4.49,0.98,48.16
606,2013-07-01,5.5,264800.0,1668.68,33.65,92.09,233.6,2.58,2074.06,41.82,1132650.13,114.46,62507.94,23.49,25.98,4.1,0.99,47.05
607,2013-08-01,5.5,267139.8666401185,1670.09,34.02,93.23,233.88,2.74,2073.32,42.24,1134167.38,115.74,63313.01,23.36,25.83,3.94,1.0,46.44
608,2013-09-01,5.4,270881.2041126806,1687.17,34.4,94.37,234.15,2.81,2092.09,42.66,1146380.02,117.02,64121.51,23.44,25.92,3.83,1.02,46.22
609,2013-10-01,4.9,273600.0,1720.03,34.6,96.31,233.55,2.62,2138.35,43.01,1173688.91,119.74,65720.88,23.83,26.36,3.93,0.99,47.21
610,2013-11-01,5.0,273986.1148492902,1783.54,34.79,98.26,233.07,2.72,2221.84,43.34,1221499.23,122.4,67293.38,24.64,27.25,3.7,0.99,47.0
611,2013-12-01,5.2,273685.9349150993,1807.78,34.99,100.2,233.05,2.9,2252.23,43.59,1240203.97,124.83,68740.91,24.86,27.48,3.5,1.01,46.38
612,2014-01-01,5.1,275200.0,1822.36,35.4,100.42,233.92,2.86,2261.98,43.94,1247589.05,124.64,68745.33,24.86,27.47,3.53,1.02,46.48
613,2014-02-01,5.3,280079.2716531187,1817.04,35.82,100.63,234.78,2.71,2247.07,44.29,1241399.73,124.45,68752.58,24.59,27.17,3.7,1.0,47.02
614,2014-03-01,5.6,285142.5420673082,1863.52,36.23,100.85,236.29,2.72,2289.8,44.52,1267057.6,123.92,68570.64,24.96,27.57,3.63,1.0,46.79
615,2014-04-01,5.7,288000.0,1864.26,36.61,101.61,237.07,2.71,2283.18,44.84,1265463.36,124.44,68970.81,24.79,27.37,3.67,1.02,46.78
616,2014-05-01,5.2,285873.09492914996,1889.77,37.0,102.36,237.9,2.56,2306.37,45.15,1280400.44,124.93,69355.56,24.94,27.54,3.77,1.0,47.34
617,2014-06-01,5.7,281939.6979944508,1947.09,37.38,103.12,238.34,2.6,2371.91,45.54,1318891.81,125.62,69849.94,25.56,28.21,3.62,1.01,47.18
618,2014-07-01,6.2,281000.0,1973.1,37.75,104.07,238.25,2.54,2404.53,46.0,1339163.5,126.82,70631.13,25.82,28.49,3.65,1.01,47.55
619,2014-08-01,5.4,286080.6884548432,1961.53,38.12,105.01,237.85,2.42,2394.43,46.53,1335698.16,128.19,71508.52,25.62,28.26,3.78,0.99,48.24
620,2014-09-01,5.4,293791.2220042519,1993.23,38.49,105.96,238.03,2.53,2431.3,46.95,1358446.0,129.25,72214.92,25.92,28.58,3.61,1.02,47.83
621,2014-10-01,5.3,298900.0,1937.27,38.81,104.74,237.43,2.3,2368.99,47.45,1325842.46,128.09,71684.98,25.16,27.74,3.88,1.0,49.03
622,2014-11-01,5.7,298195.9785198037,2044.57,39.12,103.53,236.15,2.33,2513.78,48.1,1409116.89,127.28,71350.54,26.61,29.32,3.57,1.01,49.26
623,2014-12-01,5.1,293854.29053261277,2054.27,39.44,102.31,234.81,2.21,2540.1,48.77,1426153.73,126.51,71027.56,26.79,29.52,3.65,1.03,50.17
624,2015-01-01,4.8,289200.0,2028.18,39.9,101.29,233.71,1.88,2519.7,49.57,1417017.52,125.84,70767.74,26.49,29.17,3.95,0.99,52.0
625,2015-02-01,4.5,287247.5417894105,2082.2,40.35,100.27,234.72,1.98,2575.63,49.92,1450807.91,124.03,69864.81,27.0,29.72,3.76,1.0,51.39
626,2015-03-01,5.1,287544.26541074074,2079.99,40.81,99.25,236.12,2.04,2557.67,50.18,1443049.02,122.04,68857.36,26.73,29.42,3.72,1.01,50.9
627,2015-04-01,4.9,289100.0,2094.86,41.12,97.8,236.6,1.94,2570.73,50.46,1452789.49,120.02,67826.8,26.79,29.48,3.77,0.98,51.34
628,2015-05-01,5.0,290977.55146595073,2111.94,41.43,96.36,237.81,2.2,2578.55,50.58,1459588.95,117.65,66593.33,26.81,29.49,3.57,0.99,49.98
629,2015-06-01,5.4,293219.3372481031,2099.29,41.74,94.91,238.64,2.36,2554.15,50.78,1448177.52,115.47,65472.86,26.5,29.14,3.48,1.01,49.19
630,2015-07-01,5.2,295800.0,2094.14,42.0,93.49,238.65,2.32,2547.72,51.09,1446942.08,113.74,64599.04,26.38,29.01,3.49,1.02,49.46
631,2015-08-01,5.0,298829.7472391732,2039.87,42.25,92.08,238.32,2.17,2485.21,51.48,1413879.67,112.18,63820.4,25.69,28.25,3.68,1.0,50.29
632,2015-09-01,5.9,301402.0684934359,1944.41,42.51,90.66,237.95,2.17,2372.61,51.87,1352274.75,110.63,63051.12,24.5,26.94,3.73,1.01,50.46
633,2015-10-01,5.6,302500.0,2024.81,42.8,89.28,237.84,2.07,2471.82,52.25,1411305.71,108.99,62231.06,25.49,28.03,3.64,0.98,51.02
634,2015-11-01,5.5,301672.83357655175,2080.62,43.1,87.91,237.34,2.26,2545.33,52.72,1455781.55,107.54,61507.1,26.23,28.83,3.4,1.0,50.36
635,2015-12-01,5.1,300223.6276298019,2054.08,43.39,86.53,236.53,2.24,2521.47,53.26,1444678.43,106.22,60858.4,25.97,28.54,3.47,1.02,50.71
636,2016-01-01,5.6,299800.0,1918.6,43.55,86.5,236.92,2.09,2351.28,53.38,1349713.9,106.01,60851.79,24.21,26.61,3.84,1.03,51.4
637,2016-02-01,5.5,301620.9981787329,1904.42,43.72,86.47,237.11,1.78,2331.98,53.53,1341197.36,105.88,60896.93,24.0,26.39,4.17,0.99,52.9
638,2016-03-01,5.5,304186.45369628735,2021.95,43.88,86.44,238.13,1.89,2465.28,53.5,1420427.32,105.39,60724.42,25.37,27.89,3.82,1.01,52.23
639,2016-04-01,5.0,306000.0,2075.54,44.07,86.6,239.26,1.81,2518.68,53.48,1453762.25,105.09,60656.89,25.92,28.5,3.78,1.0,52.44
640,2016-05-01,5.1,305622.01176842774,2065.55,44.27,86.76,240.23,1.81,2496.46,53.5,1443508.65,104.86,60632.19,25.69,28.24,3.81,1.02,52.31
641,2016-06-01,5.3,304261.0483700566,2083.89,44.46,86.92,241.02,1.64,2510.38,53.56,1454138.87,104.71,60652.79,25.84,28.4,3.97,1.01,53.02
642,2016-07-01,4.5,303800.0,2148.9,44.65,87.64,240.63,1.5,2592.89,53.88,1504533.8,105.75,61362.72,26.69,29.33,3.94,1.0,53.87
643,2016-08-01,5.0,305504.5768702744,2170.95,44.84,88.37,240.85,1.56,2617.09,54.05,1521191.0,106.53,61918.78,26.95,29.61,3.83,0.99,53.59
644,2016-09-01,5.2,308416.9125912587,2157.69,45.03,89.09,241.43,1.63,2594.87,54.15,1510896.88,107.14,62384.22,26.73,29.36,3.87,0.99,53.19
645,2016-10-01,5.2,310900.0,2143.02,45.25,90.91,241.73,1.76,2574.02,54.35,1501393.2,109.19,63691.27,26.53,29.13,3.83,0.97,52.56
646,2016-11-01,5.2,312031.66507554275,2164.99,45.48,92.73,241.35,2.14,2604.46,54.71,1521807.5,111.55,65181.46,26.85,29.48,3.41,0.97,50.94
647,2016-12-01,5.4,312389.46761882416,2246.63,45.7,94.55,241.43,2.49,2701.79,54.96,1581352.94,113.71,66551.64,27.87,30.59,2.91,1.01,49.45
648,2017-01-01,5.4,313100.0,2275.12,45.93,96.46,242.84,2.43,2720.2,54.91,1594806.22,115.33,67618.55,28.06,30.79,2.97,1.0,49.52
649,2017-02-01,5.3,314899.6618647399,2329.91,46.15,98.38,243.6,2.42,2776.97,55.01,1630778.15,117.25,68856.96,28.66,31.43,2.88,1.0,49.51
650,2017-03-01,5.0,316819.32929281186,2366.82,46.38,100.29,243.8,2.48,2818.67,55.23,1657970.27,119.44,70253.69,29.09,31.89,2.69,1.02,49.31
651,2017-04-01,5.4,318200.0,2359.31,46.66,101.53,244.52,2.3,2801.42,55.4,1650538.55,120.56,71031.23,28.9,31.67,2.86,1.0,50.05
652,2017-05-01,5.1,318214.9684192732,2395.35,46.94,102.78,244.73,2.3,2841.78,55.69,1677054.73,121.93,71956.96,29.31,32.1,2.75,1.01,50.1
653,2017-06-01,5.3,318342.7751937131,2433.99,47.22,104.02,244.96,2.19,2885.01,55.97,1705315.83,123.29,72879.08,29.75,32.56,2.8,0.99,50.64
654,2017-07-01,5.8,320500.0,2454.1,47.54,105.04,244.79,2.32,2910.85,56.38,1723369.85,124.59,73763.4,30.0,32.82,2.64,1.01,50.19
655,2017-08-01,6.1,326021.210860721,2456.22,47.85,106.06,245.52,2.21,2904.67,56.59,1722501.04,125.42,74377.89,29.91,32.71,2.81,1.0,50.62
656,2017-09-01,5.3,332819.3285912349,2492.84,48.17,107.08,246.82,2.2,2932.45,56.66,1741774.48,125.96,74817.96,30.17,32.97,2.82,0.99,50.49
657,2017-10-01,5.5,337900.0,2557.0,48.42,108.01,246.66,2.36,3009.82,57.0,1790554.97,127.14,75637.0,30.92,33.78,2.55,1.0,49.91
658,2017-11-01,4.8,339377.01226129854,2593.61,48.68,108.95,246.67,2.35,3052.84,57.3,1818987.62,128.24,76408.03,31.3,34.17,2.46,1.0,50.05
659,2017-12-01,5.6,337194.9057908535,2664.34,48.93,109.88,246.52,2.4,3137.94,57.63,1872553.43,129.41,77225.94,32.09,35.02,2.33,0.99,49.95
660,2018-01-01,5.7,331800.0,2789.8,49.29,111.73,247.87,2.58,3267.9,57.73,1952976.64,130.88,78218.0,33.31,36.33,2.04,0.98,49.0
661,2018-02-01,5.7,324301.4785807551,2705.16,49.64,113.59,248.99,2.86,3154.45,57.89,1888059.37,132.45,79277.52,32.04,34.93,1.9,1.0,47.71
662,2018-03-01,5.3,318247.5822330478,2702.77,50.0,115.44,249.55,2.84,3144.55,58.17,1885037.09,134.31,80513.21,31.81,34.68,1.88,1.0,47.79
663,2018-04-01,5.5,315600.0,2653.63,50.33,117.79,250.55,2.87,3075.16,58.32,1846350.37,136.5,81953.95,30.97,33.75,1.91,0.99,47.59
664,2018-05-01,5.4,319087.92322133144,2701.49,50.66,120.13,251.59,2.98,3117.65,58.46,1874790.8,138.64,83370.61,31.24,34.04,1.73,1.01,47.08
665,2018-06-01,5.9,325776.05956284684,2754.35,50.99,122.48,251.99,2.91,3173.6,58.75,1911377.15,141.12,84994.82,31.63,34.46,1.67,1.0,47.39
666,2018-07-01,6.2,330900.0,2793.64,51.44,125.12,252.01,2.89,3218.65,59.27,1941486.13,144.15,86951.89,31.89,34.73,1.62,1.0,47.58
667,2018-08-01,6.5,331384.6365899654,2857.82,51.89,127.75,252.15,2.89,3290.77,59.75,1987989.82,147.11,88869.25,32.39,35.27,1.61,0.99,47.67
668,2018-09-01,6.6,327943.67049795145,2901.5,52.34,130.39,252.44,3.0,3337.19,60.2,2019062.92,149.97,90734.31,32.62,35.52,1.51,0.99,47.28
669,2018-10-01,7.0,322800.0,2785.46,52.81,131.06,252.89,3.15,3198.07,60.63,1937952.82,150.47,91181.22,31.04,33.79,1.63,1.01,46.71
670,2018-11-01,6.7,317503.8403003251,2723.23,53.28,131.72,252.04,3.12,3137.13,61.38,1904123.64,151.74,92102.95,30.2,32.88,1.92,1.03,47.11
671,2018-12-01,7.5,313844.84911650466,2567.31,53.75,132.39,251.23,2.83,2966.99,62.12,1803995.81,153.0,93027.72,28.29,30.82,2.5,1.01,48.57
672,2019-01-01,6.9,313000.0,2607.39,54.15,133.06,251.71,2.71,3007.57,62.46,1831837.27,153.48,93479.75,28.38,30.93,2.59,1.0,49.1
673,2019-02-01,6.4,315834.42900836654,2754.86,54.54,133.72,252.78,2.68,3164.3,62.65,1930476.28,153.6,93707.02,29.54,32.21,2.47,1.01,49.13
674,2019-03-01,5.8,319663.4954673912,2803.98,54.94,134.39,254.2,2.57,3202.66,62.75,1957065.04,153.5,93798.8,29.58,32.26,2.61,1.01,49.43
675,2019-04-01,5.7,322500.0,2903.8,55.32,134.68,255.55,2.53,3299.2,62.85,2019260.93,153.02,93656.86,30.13,32.88,2.61,1.01,49.45
676,2019-05-01,6.5,321936.5077398073,2854.71,55.7,134.98,256.09,2.4,3236.54,63.15,1984128.36,153.03,93813.74,29.24,31.93,2.84,1.03,50.01
677,2019-06-01,5.3,319662.486589555,2890.17,56.08,135.27,256.14,2.06,3276.09,63.57,2011621.74,153.33,94150.89,29.28,31.99,3.09,1.04,51.63
678,2019-07-01,5.8,318400.0,2996.11,56.46,134.48,256.57,1.63,3390.51,63.89,2085151.34,152.18,93591.63,29.99,32.77,3.47,1.0,53.66
679,2019-08-01,5.6,320004.4252982061,2897.5,56.84,133.69,256.56,1.63,3279.08,64.32,2019918.5,151.3,93198.65,28.71,31.39,3.6,0.99,53.73
680,2019-09-01,5.4,323528.981990686,2982.16,57.22,132.9,256.76,1.7,3372.24,64.7,2080629.65,150.28,92723.41,29.23,31.97,3.47,1.0,53.42
681,2019-10-01,5.4,327100.0,2977.68,57.56,135.09,257.35,1.71,3359.5,64.94,2076107.0,152.41,94187.86,28.84,31.56,3.52,0.99,53.33
682,2019-11-01,5.6,329496.8272692959,3104.9,57.9,137.28,257.21,1.81,3504.92,65.36,2169338.24,154.97,95914.95,29.84,32.66,3.29,1.0,52.95
683,2019-12-01,5.6,330169.0624481459,3176.75,58.24,139.47,256.97,1.86,3589.29,65.8,2224950.13,157.58,97682.8,30.33,33.21,3.19,1.01,52.84
684,2020-01-01,5.5,329000.0,3278.2,58.69,131.76,257.97,1.76,3689.6,66.05,2290545.1,148.29,92060.99,30.99,33.92,3.23,1.03,53.19
685,2020-02-01,5.7,326149.39435950667,3277.31,59.13,124.04,258.68,1.5,3678.52,66.37,2287099.27,139.23,86564.61,30.73,33.64,3.54,1.06,54.39
686,2020-03-01,6.5,323477.17445585964,2652.39,59.58,116.33,258.12,0.87,2983.59,67.02,1858503.42,130.86,81511.17,24.82,27.18,4.88,1.02,57.84
687,2020-04-01,6.7,322600.0,2761.98,59.61,110.63,256.39,0.66,3127.77,67.51,1951818.65,125.28,78179.45,25.93,28.41,4.83,1.0,59.45
688,2020-05-01,5.3,325130.1148873368,2919.62,59.65,104.93,256.39,0.67,3306.22,67.55,2066690.99,118.82,74276.19,27.33,29.95,4.62,0.99,59.42
689,2020-06-01,3.9,330594.9622168191,3104.66,59.68,99.23,257.8,0.73,3496.64,67.21,2189219.3,111.76,69971.0,28.84,31.61,4.43,1.01,58.79
690,2020-07-01,3.5,337500.0,3207.62,59.4,98.89,259.1,0.62,3594.41,66.57,2253909.01,110.82,69489.73,29.6,32.45,4.5,1.0,59.15
691,2020-08-01,3.3,345183.21849407715,3391.71,59.13,98.56,259.92,0.65,3788.76,66.05,2379224.85,110.09,69135.77,31.16,34.17,4.32,1.0,58.83
692,2020-09-01,3.4,352573.20912594785,3365.52,58.85,98.22,260.28,0.68,3754.27,65.65,2361002.59,109.57,68904.03,30.84,33.82,4.33,0.99,58.61
693,2020-10-01,3.4,358700.0,3418.7,58.66,96.86,260.39,0.79,3812.01,65.41,2400746.24,108.0,68016.55,31.28,34.31,4.17,0.99,58.0
694,2020-11-01,4.1,363440.64873661817,3548.99,58.47,95.49,260.23,0.87,3959.71,65.24,2497188.25,106.54,67192.26,32.47,35.61,3.96,1.0,57.63
695,2020-12-01,4.1,366859.7676622931,3695.31,58.28,94.13,260.47,0.93,4119.09,64.96,2601110.43,104.92,66257.64,33.77,37.03,3.77,0.99,57.29
696,2021-01-01,4.0,369800.0,3793.75,58.06,105.49,261.58,1.08,4210.9,64.45,2662481.02,117.09,74031.33,34.51,37.84,3.55,0.98,56.29
697,2021-02-01,4.8,372833.46447932906,3883.43,57.85,116.84,263.01,1.26,4286.98,63.86,2713947.73,128.99,81656.3,35.1,38.48,3.33,0.97,55.1
698,2021-03-01,4.2,376503.001498377,3910.51,57.63,128.2,264.88,1.61,4286.5,63.17,2716981.3,140.53,89072.05,35.04,38.4,2.96,1.0,53.01
699,2021-04-01,4.7,382600.0,4141.18,57.71,138.39,267.05,1.64,4502.35,62.74,2857106.12,150.46,95476.59,36.72,40.22,2.82,1.0,52.51
700,2021-05-01,5.4,391118.8155144421,4167.85,57.79,148.57,269.2,1.62,4495.31,62.33,2855934.85,160.25,101806.88,36.55,40.01,2.88,1.01,52.26
701,2021-06-01,5.8,401407.0948257946,4238.49,57.87,158.76,271.7,1.52,4529.42,61.84,2880878.49,169.66,107908.32,36.7,40.15,3.08,1.02,52.32
702,2021-07-01,6.0,411200.0,4363.71,58.33,164.32,273.0,1.32,4640.91,62.03,2955080.39,174.75,111274.27,37.44,40.94,3.26,1.0,53.1
703,2021-08-01,6.5,419457.9950032667,4454.21,58.79,169.87,273.57,1.28,4727.39,62.4,3013454.29,180.29,114926.32,37.97,41.49,3.26,0.99,53.25
704,2021-09-01,6.1,424128.35069298465,4445.54,59.25,175.43,274.31,1.37,4705.41,62.72,3002778.61,185.68,118495.63,37.62,41.07,3.2,0.98,52.72
705,2021-10-01,6.9,423600.0,4460.71,59.64,182.91,276.59,1.58,4682.56,62.6,2991523.96,192.01,122666.57,37.25,40.64,3.13,1.0,51.34
706,2021-11-01,6.2,418239.65358456457,4667.39,60.02,190.39,277.95,1.56,4875.56,62.69,3118164.52,198.88,127194.81,38.58,42.05,3.11,1.01,51.25
707,2021-12-01,5.6,416497.83882310125,4674.77,60.4,197.87,278.8,1.47,4868.32,62.9,3116884.77,206.06,131928.98,38.3,41.72,3.28,0.97,51.58
